GenusSpecies,ConGenus,ConFamily,ConOrder,ConClass,ConPhylum,Superkingdom,GrowthRate,RateUnit,Optimum Temp,TempUnit,AverageVolume,VolumeUnit,Sources,Notes
Acetobacterium carbinolicum,Acetobacterium,Eubacteriaceae,Clostridiales,Clostridia,Firmicutes,Bacteria,1.05E-05,s^-1,25.326,Celsius,1.16E-18,m^3,Bergey's Manual of Systematic Bacteriology: Volume 3: The Firmicutes,pg.894
Acetobacterium fimetarium,Acetobacterium,Eubacteriaceae,Clostridiales,Clostridia,Firmicutes,Bacteria,4.14E-05,s^-1,30.035,Celsius,1.37E-18,m^3,Bergey's Manual of Systematic Bacteriology: Volume 3: The Firmicutes,pg.894
Acutodesmus acuminatus,Acutodesmus,Scenedesmaceae,Sphaeropleales,Chlorophyceae,Chlorophyta,Phytoplankton,9.95E-06,s^-1,27.5,Celsius,1.75E-15,m^3,https://esajournals.onlinelibrary.wiley.com/doi/abs/10.1890/12-2060.1 (BioTraits),Acutodesmus acuminatus also is know as Scenedesmus acuminatus
Aeribacillus pallidus,Aeribacillus,Bacillaceae,Bacillales,Bacilli,Firmicutes,Bacteria,5.89E-05,s^-1,55.0274,Celsius,1.93E-18,m^3,Bergey's Manual of Systematic Bacteriology: Volume 3: The Firmicutes,"pg. 156,  Reclassification of Geobacillus as Aeribacillus: https://www.ncbi.nlm.nih.gov/pubmed/19700455 "
Aeromonas hydrophila,Aeromonas,Aeromonadaceae,Aeromonadales,Gammaproteobacteria,Proteobacteria,Bacteria,0.00051042,s^-1,30.95,Celsius,2.49E-18,m^3,https://www.ncbi.nlm.nih.gov/pmc/articles/PMC4255052/,
Alexandrium catenella,Alexandrium,Goniodomataceae,Gonyaulacales,Dinophyceae,,Phytoplankton,9.84E-06,s^-1,27,Celsius,9.74E-15,m^3,https://esajournals.onlinelibrary.wiley.com/doi/abs/10.1890/12-2060.1 (BioTraits),
Alexandrium ostenfeldii,Alexandrium,Goniodomataceae,Gonyaulacales,Dinophyceae,,Phytoplankton,2.55E-06,s^-1,20.3,Celsius,2.04E-14,m^3,https://esajournals.onlinelibrary.wiley.com/doi/abs/10.1890/12-2060.1 (BioTraits),
Alexandrium tamarense,Alexandrium,Gonyaulacaceae,Gonyaulacales,Dinophyceae,,Phytoplankton,3.69E-06,s^-1,20,Celsius,8.84E-15,m^3,https://esajournals.onlinelibrary.wiley.com/doi/abs/10.1890/12-2060.1 (BioTraits),
Alkaliphilus transvaalensis,Alkaliphilus,Clostridiaceae,Clostridiales,Clostridia,Firmicutes,Bacteria,0.000272,s^-1,40.0048,Celsius,1.29E-18,m^3,Bergey's Manual of Systematic Bacteriology: Volume 3: The Firmicutes,pg.829
Amphidinium klebsii,Amphidinium,Gymnodiniaceae,Gymnodiniales,Dinophyceae,,Phytoplankton,4.28E-06,s^-1,27,Celsius,1.11E-14,m^3,https://esajournals.onlinelibrary.wiley.com/doi/abs/10.1890/12-2060.1 (BioTraits),
Amphiprora paludosa,Amphiprora,Amphipleuraceae,Naviculales,Bacillariophyceae,Bacillariophyta,Phytoplankton,2.15E-05,s^-1,25,Celsius,1.93E-15,m^3,https://esajournals.onlinelibrary.wiley.com/doi/abs/10.1890/12-2060.1 (BioTraits),
Anabaena bergii,Anabaena,Nostocaceae,Nostocales,Cyanophyceae,Cyanobacteria,Bacteria,3.01E-06,s^-1,25,Celsius,6.00E-17,m^3,,
Anabaena macrospora,Anabaena,Nostocaceae,Nostocales,Cyanophyceae,Cyanobacteria,Bacteria,2.20E-06,s^-1,25,Celsius,6.50E-17,m^3,,
Anabaena spiroides,Anabaena,Nostocaceae,Nostocales,Cyanophyceae,Cyanobacteria,Bacteria,5.90E-06,s^-1,24,Celsius,8.37E-16,m^3,,
Anabaena ucrainica,Anabaena,Nostocaceae,Nostocales,Cyanophyceae,Cyanobacteria,Bacteria,9.03E-06,s^-1,26,Celsius,6.50E-17,m^3,,
Anacystis incerta,Anacystis,Merismopediaceae,Synechococcales,Cyanophyceae,Cyanophyta,Bacteria,3.63E-06,s^-1,29,Celsius,5.28E-17,m^3,"Olenina, I., Hajdu, S., Edler, L., Andersson, A., Wasmund, N., Busch, S., G√∂bel, J., Gromisz, S., Huseby, S., Huttunen, M., Jaanus, A., Kokkonen, P., Ledaine, I. and Niemkiewicz, E. 2006. Biovolumes and size-classes of phytoplankton in the Baltic Sea. HEL",Saujanya‚Äôs phytoplankton data. Average mean cell volume
Ankistrodesmus falcatus,Ankistrodesmus,Ankistrodesmaceae,Sphaeropleales,Chlorophyceae,Chlorophyta,Phytoplankton,1.50E-05,s^-1,35,Celsius,2.83E-16,m^3,https://esajournals.onlinelibrary.wiley.com/doi/abs/10.1890/12-2060.1 (BioTraits),
Aphanizomenon aphanizomenoides,Aphanizomenon,Nostocaceae,Nostocales,Cyanophyceae,Cyanophyta,Bacteria,1.68E-05,s^-1,35,Celsius,1.46E-16,m^3,https://www.researchgate.net/publication/266673473_Aphanizomenon_favaloroi_spec_nov_Cyanobacteria_Nostocales_a_new_planktic_species_from_Argentina,Heterocytes cell size
Aphanizomenon flosaquae,Aphanizomenon,Nostocaceae,Nostocales,Cyanophyceae,Cyanophyta,Bacteria,1.36E-05,s^-1,25,Celsius,1.96E-15,m^3,"Olenina, I., Hajdu, S., Edler, L., Andersson, A., Wasmund, N., Busch, S., G√∂bel, J., Gromisz, S., Huseby, S., Huttunen, M., Jaanus, A., Kokkonen, P., Ledaine, I. and Niemkiewicz, E. 2006. Biovolumes and size-classes of phytoplankton in the Baltic Sea. HEL",Saujanya‚Äôs phytoplankton data
Aphanizomenon gracile,Aphanizomenon,Nostocaceae,Nostocales,Cyanophyceae,Cyanobacteria,Bacteria,1.01E-05,s^-1,32.5,Celsius,6.15E-16,m^3,,
Aphanizomenon ovalisporum,Aphanizomenon,Nostocaceae,Nostocales,Cyanophyceae,Cyanobacteria,Bacteria,4.05E-06,s^-1,35,Celsius,1.67E-16,m^3,,
Arthrospira fusiformis,Arthrospira,Phormidiaceae,Oscillatoriales,Cyanophyceae,Cyanophyta,Bacteria,1.79E-06,s^-1,37,Celsius,1.16E-14,m^3,https://www.researchgate.net/publication/233502806_Arthrospira_fusiformis_Voronichin_Komarek_et_Lund_Cyanoprokaryota_-_A_new_species_for_Europe,
Asterionella formosa,Asterionella,Fragilariaceae,Fragilariales,Bacillariophyceae,Bacillariophyta,Phytoplankton,1.28E-05,s^-1,17,Celsius,2.53E-15,m^3,https://esajournals.onlinelibrary.wiley.com/doi/abs/10.1890/12-2060.1 (BioTraits),
Asterionellopsis glacialis,Asterionellopsis,Fragilariaceae,Fragilariales,Bacillariophyceae,Bacillariophyta,Phytoplankton,2.30E-05,s^-1,25,Celsius,4.44E-15,m^3,https://esajournals.onlinelibrary.wiley.com/doi/abs/10.1890/12-2060.1 (BioTraits),
Aulacoseira subarctica,Aulacoseira,Melosiraceae,Melosirales,Bacillariophyceae,Bacillariophyta,Phytoplankton,1.72E-06,s^-1,16,Celsius,1.60E-15,m^3,https://www.tandfonline.com/doi/abs/10.1080/0967026031000094102,cell length:2.5-18.0; cell width:3.0-15.0 (micrometers)
Bacillus cereus,Bacillus,Bacillaceae,Bacillales,Bacilli,Firmicutes,Bacteria,0.00079621,s^-1,42.5248,Celsius,3.65E-18,m^3,"https://academic.oup.com/femsre/article/32/4/579/1813157,http://www.pnas.org/content/105/44/16994 ",
Bacillus infernus,Bacillus,Bacillaceae,Bacillales,Bacilli,Firmicutes,Bacteria,0.00031943,s^-1,59.9445,Celsius,2.67E-18,m^3,"Bergey's Manual of Systematic Bacteriology: Volume 3: The Firmicutes, pg.106",
Bacillus megaterium,Bacillus,Bacillaceae,Bacillales,Bacilli,Firmicutes,Bacteria,0.00115208,s^-1,64.64333128,Celsius,4.88E-18,m^3,Size:Bergey's Manual of Systematic Bacteriology: Volume 3: The Firmicutes Mass:http://www.pnas.org/content/105/44/16994,pg.21
Bosea eneae,Bosea,Bradyrhizobiaceae,Rhizobiales,Alphaproteobacteria,Proteobacteria,Bacteria,4.36E-06,s^-1,27.931,Celsius,9.60E-19,m^3,https://books.google.co.uk/books?id=dgejA4wa5R4C&pg=PA710&lpg=PA710&dq=Hydrogenophaga+pseudoflava+cell+size&source=bl&ots=cYZTDQzGbm&sig=5P5ROil4OvMEgQ_cg2UuXk00Vyc&hl=en&sa=X&ved=0ahUKEwid5Ovxl5DbAhXFB8AKHUlzAkkQ6AEIVDAH#v=onepage&q=Bosea%20eneae&f=false,"pg. 438,  size info of Family: Bradyrhizobiaceae use"
Brochothrix thermosphacta,Brochothrix,Listeriaceae,Bacillales,Bacilli,Firmicutes,Bacteria,0.00028566,s^-1,24.953,Celsius,5.00E-19,m^3,Bergey's Manual of Systematic Bacteriology: Volume 3: The Firmicutes,"pg.257, Genus: Brochothrix size info used"
Calciodinellum albatrosianum,Calciodinellum,Peridiniaceae,Peridiniales,Dinophyceae,,Phytoplankton,2.20E-06,s^-1,28.6,Celsius,1.26E-16,m^3,https://esajournals.onlinelibrary.wiley.com/doi/abs/10.1890/12-2060.1 (BioTraits),
Caldanaerobacter subterraneus,Caldanaerobacter,Thermoanaerobacteraceae,Thermoanaerobacterales,Clostridia,Firmicutes,Bacteria,7.26E-05,s^-1,75.0291,Celsius,1.67E-18,m^3,"Bergey's Manual of Systematic Bacteriology: Volume 3: The Firmicutes, pg.1243","Bergey's Manual of Systematic Bacteriology: Volume 3: The Firmicutes, pg.1243"
Caldicellulosiruptor obsidiansis,Caldicellulosiruptor,Thermoanaerobacterales Family III. Incertae Sedis,Thermoanaerobacterales,Clostridia,Firmicutes,Bacteria,0.00020873,s^-1,77.9896,Celsius,6.07E-20,m^3,https://www.ncbi.nlm.nih.gov/pubmed/20023107,
Caloramator fervidus,Caloramator,Clostridiaceae,Clostridiales,Clostridia,Firmicutes,Bacteria,9.88E-05,s^-1,67.743,Celsius,7.93E-19,m^3,Bergey's Manual of Systematic Bacteriology: Volume 3: The Firmicutes,pg.836
Caloramator indicus,Caloramator,Clostridiaceae,Clostridiales,Clostridia,Firmicutes,Bacteria,0.0005804,s^-1,65.1783,Celsius,2.65E-17,m^3,Bergey's Manual of Systematic Bacteriology: Volume 3: The Firmicutes,"Bergey's Manual of Systematic Bacteriology: Volume 3: The Firmicutes, pg.838"
Ceratium furca,Ceratium,Ceratiaceae,Gonyaulacales,Dinophyceae,,Phytoplankton,6.71E-06,s^-1,24,Celsius,1.26E-13,m^3,https://esajournals.onlinelibrary.wiley.com/doi/abs/10.1890/12-2060.1 (BioTraits),
Ceratium fusus,Ceratium,Ceratiaceae,Gonyaulacales,Dinophyceae,,Phytoplankton,6.13E-06,s^-1,26,Celsius,1.14E-13,m^3,https://esajournals.onlinelibrary.wiley.com/doi/abs/10.1890/12-2060.1 (BioTraits),
Chaetoceros affinis,Chaetoceros,Chaetocerotaceae,Chaetocerotales,Bacillariophyceae,Bacillariophyta,Phytoplankton,1.74E-05,s^-1,25,Celsius,1.96E-15,m^3,"Edwards, K. F., Klausmeier, C. A. and Litchman, E. (2015), Nutrient utilization traits of phytoplankton. Ecology, 96: 2311. doi:10.1890/14-2252.1",Saujanya‚Äôs data
Chaetoceros calcitrans,Chaetoceros,Chaetocerotaceae,Chaetocerotales,Bacillariophyceae,Bacillariophyta,Phytoplankton,3.90E-05,s^-1,25,Celsius,6.43E-17,m^3,"Sof√≠a Sal, √Ångel L√≥pez-Urrutia, Xabier Irigoien, Derek S. Harbour, and Roger P. Harris 2013. Marine microplankton diversity database. Ecology 94:1658. http://dx.doi.org/10.1890/13-0236.5",Saujanya‚Äôs data ‚Ä?Cell Volume 2
Chaetoceros criophilus,Chaetoceros,Corethraceae,Corethrales,Bacillariophyceae,Bacillariophyta,Phytoplankton,3.01E-06,s^-1,4,Celsius,3.80E-14,m^3,https://esajournals.onlinelibrary.wiley.com/doi/abs/10.1890/12-2060.1 (BioTraits),
Chaetoceros didymus,Chaetoceros,Chaetocerotaceae,Chaetocerotales,Bacillariophyceae,Bacillariophyta,Phytoplankton,1.67E-05,s^-1,21,Celsius,4.39E-16,m^3,"Leblanc, Karine; Ar√≠stegui Ruiz, Javier; Armand, L; Assmy, P; Beker, B; Bode, Antonio; Breton, E; Cornet, V; Gibson, J; Gosselin, M-P; Kopczynska, EE; Marshall, Harold G; Peloquin, Jill M; Piontkovski, S; Poulton, Alex J; Qu√©guiner, Bernard; Schiebel, Ralf; Shipe, R; Stefels, Jacqueline; van Leeuwe, Maria A; Varela, M; Widdicombe, Claire E; Yallop, M (2012): A global diatom database - abundance, biovolume and biomass in the world ocean. Earth System Science Data, 4, 149-165, doi:10.5194/essd-4-149-2012. CC-BY",Saujanya‚Äôs data ‚Ä?Cell Volume mean
Chaetoceros gracilis,Chaetoceros,Chaetocerotaceae,Chaetocerotales,Bacillariophyceae,Bacillariophyta,Phytoplankton,2.66E-05,s^-1,30,Celsius,2.83E-16,m^3,"Leblanc, Karine; Ar√≠stegui Ruiz, Javier; Armand, L; Assmy, P; Beker, B; Bode, Antonio; Breton, E; Cornet, V; Gibson, J; Gosselin, M-P; Kopczynska, EE; Marshall, Harold G; Peloquin, Jill M; Piontkovski, S; Poulton, Alex J; Qu√©guiner, Bernard; Schiebel, Ralf; Shipe, R; Stefels, Jacqueline; van Leeuwe, Maria A; Varela, M; Widdicombe, Claire E; Yallop, M (2012): A global diatom database - abundance, biovolume and biomass in the world ocean. Earth System Science Data, 4, 149-165, doi:10.5194/essd-4-149-2012. CC-BY",Saujanya‚Äôs data
Chaetoceros lorenzianus,Chaetoceros,Chaetocerotaceae,Chaetocerotales,Bacillariophyceae,Bacillariophyta,Phytoplankton,2.57E-05,s^-1,30,Celsius,8.00E-15,m^3,"Edwards, K. F., Klausmeier, C. A. and Litchman, E. (2015), Nutrient utilization traits of phytoplankton. Ecology, 96: 2311. doi:10.1890/14-2252.1",Saujanya‚Äôs data
Chaetoceros simplex,Chaetoceros,Chaetocerotaceae,Chaetocerotales,Mediophyceae,Bacillariophyta,Phytoplankton,2.79E-05,s^-1,25,Celsius,1.68E-16,m^3,https://esajournals.onlinelibrary.wiley.com/doi/abs/10.1890/12-2060.1 (BioTraits),
Chlamydomonas intermedia,Chlamydomonas,Chlamydomonadaceae,Volvocales,Chlorophyceae,Chlorophyta,Phytoplankton,1.27E-05,s^-1,18,Celsius,6.50E-17,m^3,https://esajournals.onlinelibrary.wiley.com/doi/abs/10.1890/12-2060.1 (BioTraits),
Chlamydomonas subcaudata,Chlamydomonas,Chlamydomonadaceae,Volvocales,Chlorophyceae,Chlorophyta,Phytoplankton,1.09E-05,s^-1,12.5,Celsius,1.44E-16,m^3,https://esajournals.onlinelibrary.wiley.com/doi/abs/10.1890/12-2060.1 (BioTraits),
Chlorella vulgaris,Chlorella,Chlorellaceae,Chlorellales,Trebouxiophyceae,Chlorophyta,Phytoplankton,1.48E-05,event / (individual * second),30,Celsius,1.11E-17,m^3,https://esajournals.onlinelibrary.wiley.com/doi/abs/10.1890/12-2060.1 (BioTraits),
Cladophora glomerata,Cladophora,Cladophoraceae,Cladophorales,Ulvophyceae,Chlorophyta,Phytoplankton,27115.54963,micro (s^-1),1,Celsius,1.63E-12,m^3,https://www.sciencedirect.com/science/article/pii/0921510795013156,"108 mg biomass; cell width: 40-100 um, cell length: 100-400 um"
Closterium acutum,Closterium,Closteriaceae,Zygnematales,Zygnematophyceae,Streptophyta,Phytoplankton,1.33E-05,s^-1,30,Celsius,9.00E-16,m^3,https://esajournals.onlinelibrary.wiley.com/doi/abs/10.1890/12-2060.1 (BioTraits),
Closterium limneticum,Closterium,Closteriaceae,Zygnematales,Zygnematophyceae,Streptophyta,Phytoplankton,8.80E-06,s^-1,30,Celsius,5.23E-15,m^3,https://esajournals.onlinelibrary.wiley.com/doi/abs/10.1890/12-2060.1 (BioTraits),
Clostridium perfringens,Clostridium,Clostridiaceae,Clostridiales,Clostridia,Firmicutes,Bacteria,0.000787,s^-1,43.0115,Celsius,4.13E-17,m^3,Bergey's Manual of Systematic Bacteriology: Volume 3: The Firmicutes,pg.799
Cochlodinium polykrikoides,Cochlodinium,Gymnodiniaceae,Gymnodiniales,Dinophyceae,,Phytoplankton,7.18E-06,s^-1,27.5,Celsius,2.46E-14,m^3,https://esajournals.onlinelibrary.wiley.com/doi/abs/10.1890/12-2060.1 (BioTraits),
Colwellia demingiae,Colwellia,Colwelliaceae,Alteromonadales,Gammaproteobacteria,Proteobacteria,Bacteria,6.46E-05,s^-1,9.24662,Celsius,6.94E-19,m^3,https://books.google.co.uk/books?id=5zSYmcq0GdgC&pg=PA453&lpg=PA453&dq=Colwellia+demingiae+cell+size&source=bl&ots=fke1PEk0Jq&sig=GCks8dltnn04MME18nQ_l3xBObk&hl=en&sa=X&ved=0ahUKEwifxNvxyorbAhUqJMAKHRfjClAQ6AEITzAF#v=onepage&q=Colwellia%20demingiae%20cell%20size&f=false,pg. 453 of Bergey‚Äôs Manual of Systematic Bacteriology Volume 2: The Proteobacteria
Colwellia hornerae,Colwellia,Colwelliaceae,Alteromonadales,Gammaproteobacteria,Proteobacteria,Bacteria,4.95E-05,s^-1,10.9586,Celsius,7.73E-19,m^3,https://books.google.co.uk/books?id=5zSYmcq0GdgC&pg=PA453&lpg=PA453&dq=Colwellia+demingiae+cell+size&source=bl&ots=fke1PEk0Jq&sig=GCks8dltnn04MME18nQ_l3xBObk&hl=en&sa=X&ved=0ahUKEwifxNvxyorbAhUqJMAKHRfjClAQ6AEITzAF#v=onepage&q=Colwellia%20demingiae%20cell%20size&f=false,pg. 453 of Bergey‚Äôs Manual of Systematic Bacteriology Volume 2: The Proteobacteria
Colwellia psychrerythraea,Colwellia,Colwelliaceae,Alteromonadales,Gammaproteobacteria,Proteobacteria,Bacteria,6.51E-05,s^-1,13.5984,Celsius,5.56E-19,m^3,https://books.google.co.uk/books?id=5zSYmcq0GdgC&pg=PA453&lpg=PA453&dq=Colwellia+demingiae+cell+size&source=bl&ots=fke1PEk0Jq&sig=GCks8dltnn04MME18nQ_l3xBObk&hl=en&sa=X&ved=0ahUKEwifxNvxyorbAhUqJMAKHRfjClAQ6AEITzAF#v=onepage&q=Colwellia%20demingiae%20cell%20size&f=false,pg. 453 of Bergey‚Äôs Manual of Systematic Bacteriology Volume 2: The Proteobacteria
Colwellia psychrotropica,Colwellia,Colwelliaceae,Alteromonadales,Gammaproteobacteria,Proteobacteria,Bacteria,0.00011014,s^-1,17.5353,Celsius,7.73E-19,m^3,https://books.google.co.uk/books?id=5zSYmcq0GdgC&pg=PA453&lpg=PA453&dq=Colwellia+demingiae+cell+size&source=bl&ots=fke1PEk0Jq&sig=GCks8dltnn04MME18nQ_l3xBObk&hl=en&sa=X&ved=0ahUKEwifxNvxyorbAhUqJMAKHRfjClAQ6AEITzAF#v=onepage&q=Colwellia%20demingiae%20cell%20size&f=false,pg. 454 of Bergey‚Äôs Manual of Systematic Bacteriology Volume 2: The Proteobacteria
Coolia monotis,Coolia,Ostreopsidaceae,Peridiniales,Dinophyceae,,Phytoplankton,2.31E-06,s^-1,29,Celsius,1.66E-14,m^3,https://esajournals.onlinelibrary.wiley.com/doi/abs/10.1890/12-2060.1 (BioTraits),
Coscinodiscus concinnus,Coscinodiscus,Coscinodiscaceae,Coscinodiscales,Coscinodiscophyceae,Bacillariophyta,Phytoplankton,6.83E-06,s^-1,12,Celsius,7.29E-12,m^3,https://esajournals.onlinelibrary.wiley.com/doi/abs/10.1890/12-2060.1 (BioTraits),
Coscinodiscus excentricus,Coscinodiscus,Coscinodiscaceae,Coscinodiscales,Bacillariophyceae,Bacillariophyta,Phytoplankton,9.63E-06,s^-1,17,Celsius,4.91E-14,m^3,"Leblanc, Karine; Ar√≠stegui Ruiz, Javier; Armand, L; Assmy, P; Beker, B; Bode, Antonio; Breton, E; Cornet, V; Gibson, J; Gosselin, M-P; Kopczynska, EE; Marshall, Harold G; Peloquin, Jill M; Piontkovski, S; Poulton, Alex J; Qu√©guiner, Bernard; Schiebel, Ralf; Shipe, R; Stefels, Jacqueline; van Leeuwe, Maria A; Varela, M; Widdicombe, Claire E; Yallop, M (2012): A global diatom database - abundance, biovolume and biomass in the world ocean. Earth System Science Data, 4, 149-165, doi:10.5194/essd-4-149-2012. CC-BY",
Cosmarium abbreviatum,Cosmarium,Desmidiaceae,Zygnematales,Zygnematophyceae,Streptophyta,Phytoplankton,5.79E-06,s^-1,25,Celsius,3.70E-15,m^3,https://esajournals.onlinelibrary.wiley.com/doi/abs/10.1890/12-2060.1 (BioTraits),
Cosmarium beatum,Cosmarium,Desmidiaceae,Zygnematales,Zygnematophyceae,Streptophyta,Phytoplankton,3.81E-06,s^-1,28,Celsius,9.80E-15,m^3,https://esajournals.onlinelibrary.wiley.com/doi/abs/10.1890/12-2060.1 (BioTraits),
Cosmarium biretum,Cosmarium,Desmidiaceae,Zygnematales,Zygnematophyceae,Streptophyta,Phytoplankton,4.28E-06,s^-1,30,Celsius,2.20E-14,m^3,https://esajournals.onlinelibrary.wiley.com/doi/abs/10.1890/12-2060.1 (BioTraits),
Cosmarium crenatum,Cosmarium,Desmidiaceae,Zygnematales,Zygnematophyceae,Streptophyta,Phytoplankton,3.07E-06,s^-1,21,Celsius,9.38E-15,m^3,https://esajournals.onlinelibrary.wiley.com/doi/abs/10.1890/12-2060.1 (BioTraits),
Cosmarium meneghinii,Cosmarium,Desmidiaceae,Zygnematales,Zygnematophyceae,Streptophyta,Phytoplankton,5.98E-06,s^-1,21,Celsius,1.15E-15,m^3,https://esajournals.onlinelibrary.wiley.com/doi/abs/10.1890/12-2060.1 (BioTraits),
Cosmarium punctulatum,Cosmarium,Desmidiaceae,Zygnematales,Zygnematophyceae,Streptophyta,Phytoplankton,5.30E-06,s^-1,25,Celsius,9.73E-15,m^3,https://esajournals.onlinelibrary.wiley.com/doi/abs/10.1890/12-2060.1 (BioTraits),
Cosmarium regnesii,Cosmarium,Desmidiaceae,Zygnematales,Zygnematophyceae,Streptophyta,Phytoplankton,6.78E-06,s^-1,25,Celsius,5.19E-16,m^3,https://esajournals.onlinelibrary.wiley.com/doi/abs/10.1890/12-2060.1 (BioTraits),
Crocosphaera watsonii,Crocosphaera,Cyanobacteriaceae,Chroococcales,Cyanophyceae,Cyanophyta,Bacteria,1.39E-05,s^-1,28,Celsius,3.98E-17,m^3,https://www.ncbi.nlm.nih.gov/pmc/articles/PMC3215947/,
Cryptomonas marssonii,Cryptomonas,Cryptomonadaceae,Cryptomonadales,Cryptophyceae,Cryptophyta,Phytoplankton,6.48E-06,s^-1,11,Celsius,2.59E-15,m^3,https://esajournals.onlinelibrary.wiley.com/doi/abs/10.1890/12-2060.1 (BioTraits),
Cyclotella meneghiniana,Cyclotella,Stephanodiscaceae,Thalassiosirales,Mediophyceae,Bacillariophyta,Phytoplankton,1.40E-05,s^-1,25,Celsius,1.82E-15,m^3,https://esajournals.onlinelibrary.wiley.com/doi/abs/10.1890/12-2060.1 (BioTraits),
Cylindrospermopsis raciborskii,Cylindrospermopsis,Nostocaceae,Nostocales,Cyanophyceae,Cyanobacteria,Bacteria,9.49E-06,s^-1,28,Celsius,7.07E-16,m^3,,
Cylindrotheca closterium,Cylindrotheca,Bacillariaceae,Bacillariales,Bacillariophyceae,Bacillariophyta,Phytoplankton,3.00E-06,s^-1,23,Celsius,1.36E-16,m^3,https://esajournals.onlinelibrary.wiley.com/doi/abs/10.1890/12-2060.1 (BioTraits),
Dactyliosolen fragilissimus,Dactyliosolen,Rhizosoleniaceae,Rhizosoleniales,Coscinodiscophyceae,Bacillariophyta,Phytoplankton,9.84E-06,s^-1,18,Celsius,6.66E-14,m^3,https://esajournals.onlinelibrary.wiley.com/doi/abs/10.1890/12-2060.1 (BioTraits),
Deferribacter thermophilus,Deferribacter,Deferribacteraceae,Deferribacterales,Deferribacteres,Deferribacteres,Bacteria,0.00018151,s^-1,59.9401,Celsius,5.06E-19,m^3,http://ijs.microbiologyresearch.org/content/journal/ijsem/10.1099/00207713-47-2-505,
Deinococcus geothermalis,Deinococcus,Deinococcaceae,Deinococcales,Deinococci,Deinococcus-Thermus,Bacteria,0.00021098,s^-1,50.0363,Celsius,2.98E-18,m^3,https://www.ncbi.nlm.nih.gov/pmc/articles/PMC5023248/,
Deinococcus murrayi,Deinococcus,Deinococcaceae,Deinococcales,Deinococci,Deinococcus-Thermus,Bacteria,0.00018817,s^-1,49.9548,Celsius,2.55E-18,m^3,https://books.google.co.uk/books?id=3znhBwAAQBAJ&pg=PA370&lpg=PA370&dq=thermotogaceae+cell+size&source=bl&ots=iAqIJx8wC_&sig=PVgY-4Ga0mAJzpzmsQnfUfXkjEU&hl=en&sa=X&ved=0ahUKEwjEoreSxorbAhXILsAKHaPCA88Q6AEIMjAC#v=snippet&q=Deinococcus%20geothermalis&f=false,Bergey's Manual of Systematic Bacteriology: Volume 1. pg.401
Desmidium swartzii,Desmidium,Desmidiaceae,Zygnematales,Zygnematophyceae,Streptophyta,Phytoplankton,1.74E-06,s^-1,24,Celsius,3.93E-14,m^3,https://esajournals.onlinelibrary.wiley.com/doi/abs/10.1890/12-2060.1 (BioTraits),
Desmodesmus abundans,Desmodesmus,Scenedesmaceae,Sphaeropleales,Chlorophyceae,Chlorophyta,Phytoplankton,2.26E-05,s^-1,35,Celsius,1.24E-16,m^3,"Olenina, I., Hajdu, S., Edler, L., Andersson, A., Wasmund, N., Busch, S., G√∂bel, J., Gromisz, S., Huseby, S., Huttunen, M., Jaanus, A., Kokkonen, P., Ledaine, I. and Niemkiewicz, E. 2006. Biovolumes and size-classes of phytoplankton in the Baltic Sea. HEL",
Desmodesmus quadricauda,Desmodesmus,Scenedesmaceae,Sphaeropleales,Chlorophyceae,Chlorophyta,Phytoplankton,9.84E-06,s^-1,32.5,Celsius,1.57E-15,m^3,https://esajournals.onlinelibrary.wiley.com/doi/abs/10.1890/12-2060.1 (BioTraits),
Desulfobacter curvatus,Desulfobacter,Desulfobacteraceae,Desulfobacterales,Deltaproteobacteria,Proteobacteria,Bacteria,1.08E-05,s^-1,33.0149,Celsius,1.39E-18,m^3,https://link.springer.com/content/pdf/10.1007%2FBF00456706.pdf,
Desulfofaba gelida,Desulfofaba,Desulfobacteraceae,Desulfobacterales,Deltaproteobacteria,Proteobacteria,Bacteria,1.53E-06,s^-1,7.50735,Celsius,3.60E-17,m^3,https://books.google.co.uk/books?id=dgejA4wa5R4C&pg=PA324&dq=Rhizobiales&hl=en&sa=X&ved=0ahUKEwiW9_PajpDbAhXmLcAKHcd4DjgQ6AEIMTAB#v=snippet&q=Desulfofaba%20gelida&f=false,"large rods, pg. 975 of Bergey‚Äôs Manual of Systematic Bacteriology Volume 2: The Proteobacteria"
Desulfofrigus fragile,Desulfofrigus,Desulfobacteraceae,Desulfobacterales,Deltaproteobacteria,Proteobacteria,Bacteria,1.06E-05,s^-1,17.9513,Celsius,1.73E-18,m^3,https://books.google.co.uk/books?id=9cwgo-9IyTUC&pg=PA977&lpg=PA977&dq=Desulfofrigus+oceanense+cell+size&source=bl&ots=lTtbfougYA&sig=4rpA3CrTU5e2uXVWlwzPw1h9H54&hl=en&sa=X&ved=0ahUKEwj46PvYz5bbAhVDxRQKHf4wD-sQ6AEIMzAC#v=onepage&q=Desulfofrigus%20oceanense%20cell%20size&f=false,pg.977
Desulfofrigus oceanense,Desulfofrigus,Desulfobacteraceae,Desulfobacterales,Deltaproteobacteria,Proteobacteria,Bacteria,1.31E-06,s^-1,9.57305,Celsius,1.54E-17,m^3,https://books.google.co.uk/books?id=9cwgo-9IyTUC&pg=PA977&lpg=PA977&dq=Desulfofrigus+oceanense+cell+size&source=bl&ots=lTtbfougYA&sig=4rpA3CrTU5e2uXVWlwzPw1h9H54&hl=en&sa=X&ved=0ahUKEwj46PvYz5bbAhVDxRQKHf4wD-sQ6AEIMzAC#v=onepage&q=Desulfofrigus%20oceanense%20cell%20size&f=false,pg.977
Desulforhopalus vacuolatus,Desulforhopalus,Desulfobulbaceae,Desulfobacterales,Deltaproteobacteria,Proteobacteria,Bacteria,8.53E-06,s^-1,19.7137,Celsius,7.81E-18,m^3,https://www.researchgate.net/publication/225671825_Desulforpalus_vacuolatus_gen_nov_sp_nov_a_new_moderately_psychrophilic_sulfate-reducing_bacterium_with_gas_vacuoles_isolated_from_a_temperate_estuary,
Desulfotalea arctica,Desulfotalea,Desulfobulbaceae,Desulfobacterales,Deltaproteobacteria,Proteobacteria,Bacteria,6.90E-06,s^-1,19.253,Celsius,7.38E-19,m^3,https://bacdive.dsmz.de/search?search=Desulfotalea+arctica&submit=search,BacDrive meta-Database
Desulfotalea psychrophila,Desulfotalea,Desulfobulbaceae,Desulfobacterales,Deltaproteobacteria,Proteobacteria,Bacteria,7.67E-06,s^-1,9.84461,Celsius,1.63E-18,m^3,https://bacdive.dsmz.de/search?search=Desulfotalea+psychrophila&submit=search,BacDrive meta-Database
Desulfotomaculum putei,Desulfotomaculum,Peptococcaceae,Clostridiales,Clostridia,Firmicutes,Bacteria,8.17E-05,s^-1,60.1536,Celsius,2.11E-18,m^3,Bergey's Manual of Systematic Bacteriology: Volume 3: The Firmicutes,"pg.993, Table 186"
Desulfuromonas michiganensis,Desulfuromonas,Desulfuromonadaceae,Desulfuromonadales,Deltaproteobacteria,Proteobacteria,Bacteria,0.00021665,s^-1,79.3778,Celsius,1.63E-19,m^3,http://www.microbiologyresearch.org/docserver/fulltext/ijsem/65/5/1686_ijs000159.pdf?expires=1526902904&id=id&accname=guest&checksum=44CE48144AF9CF34C5D264FA58575AB5,
Detonula confervacea,Detonula,Skeletonemataceae,Thalassiosirales,Coscinodiscophyceae,Bacillariophyta,Phytoplankton,1.20E-05,s^-1,12,Celsius,2.99E-15,m^3,https://esajournals.onlinelibrary.wiley.com/doi/abs/10.1890/12-2060.1 (BioTraits),
Dinobryon divergens,Dinobryon,Dinobryaceae,Chromulinales,Chrysophyceae,Ochrophyta,Phytoplankton,5.79E-06,s^-1,17,Celsius,2.34E-16,m^3,https://esajournals.onlinelibrary.wiley.com/doi/abs/10.1890/12-2060.1 (BioTraits),
Ditylum brightwellii,Ditylum,Lithodesmiaceae,Lithodesmiales,Coscinodiscophyceae,Bacillariophyta,Phytoplankton,1.30E-05,s^-1,12,Celsius,8.25E-14,m^3,https://esajournals.onlinelibrary.wiley.com/doi/abs/10.1890/12-2060.1 (BioTraits),
Dunaliella tertiolecta,Dunaliella,Dunaliellaceae,Chlamydomonadales,Chlorophyceae,Chlorophyta,Phytoplankton,2.59E-05,s^-1,28,Celsius,1.78E-16,m^3,"Edwards, K. F., Klausmeier, C. A. and Litchman, E. (2015), Nutrient utilization traits of phytoplankton. Ecology, 96: 2311. doi:10.1890/14-2252.5",
Enterococcus faecalis,Enterococcus,Enterococcaceae,Lactobacillales,Bacilli,Firmicutes,Bacteria,0.00034973,s^-1,36.8343,Celsius,2.67E-18,m^3,Size:https://catalog.hardydiagnostics.com/cp_prod/Content/hugo/Enterococcus.htm mass: http://www.pnas.org/content/105/44/16994,
Erwinia amylovora,Erwinia,Enterobacteriaceae,Enterobacteriales,Gammaproteobacteria,Proteobacteria,Bacteria,0.00015932,s^-1,29.99880665,Celsius,5.41E-19,m^3,"van der zwet & keil (1979), https://www.eppo.int/QUARANTINE/data_sheets/bacteria/ERWIAM_ds.pdf",
Escherichia coli,Escherichia,Enterobacteriaceae,Enterobacteriales,Gammaproteobacteria,Proteobacteria,Bacteria,0.00109227,s^-1,38.5,Celsius,1.26E-18,m^3,https://books.google.co.uk/books?id=qyVoI1iUiBkC&pg=PA1&dq=escherichia+coli+cell+size&hl=en&sa=X&ved=0ahUKEwixrsjzmszbAhXKaFAKHcLfCq8Q6AEITjAH#v=onepage&q=escherichia%20coli%20cell%20size&f=false,
Eucampia zodiacus,Eucampia,Hemiaulaceae,Hemiaulales,Coscinodiscophyceae,Bacillariophyta,Phytoplankton,3.56E-05,s^-1,20,Celsius,2.00E-14,m^3,https://esajournals.onlinelibrary.wiley.com/doi/abs/10.1890/12-2060.1 (BioTraits),
Fibrocapsa japonica,Fibrocapsa,Chattonellaceae,Chattonellales,Raphidophyceae,Ochrophyta,Phytoplankton,4.63E-06,s^-1,24.5,Celsius,4.17E-15,m^3,https://esajournals.onlinelibrary.wiley.com/doi/abs/10.1890/12-2060.1 (BioTraits),
Fragilaria bidens,Fragilaria,Fragilariaceae,Fragilariales,Bacillariophyceae,Bacillariophyta,Phytoplankton,1.28E-05,s^-1,20,Celsius,2.80E-16,m^3,"Edwards, K. F., Klausmeier, C. A. and Litchman, E. (2015), Nutrient utilization traits of phytoplankton. Ecology, 96: 2311. doi:10.1890/14-2252.1",
Fragilaria crotonensis,Fragilaria,Fragilariaceae,Fragilariales,Bacillariophyceae,Heterokontophyta,Phytoplankton,6.76E-06,event / (individual * second),25,Celsius,2.33E-16,m^3,"Edwards, K. F., Klausmeier, C. A. and Litchman, E. (2015), Nutrient utilization traits of phytoplankton. Ecology, 96: 2311. doi:10.1890/14-2252.3",
Fragilariopsis cylindrus,Fragilariopsis,Bacillariaceae,Bacillariales,Bacillariophyceae,Bacillariophyta,Phytoplankton,6.83E-06,s^-1,5,Celsius,2.36E-17,m^3,https://esajournals.onlinelibrary.wiley.com/doi/abs/10.1890/12-2060.1 (BioTraits),
Fragilariopsis kerguelensis,Fragilariopsis,Bacillariaceae,Bacillariales,Bacillariophyceae,Bacillariophyta,Phytoplankton,6.25E-06,s^-1,4,Celsius,8.25E-16,m^3,https://esajournals.onlinelibrary.wiley.com/doi/abs/10.1890/12-2060.1 (BioTraits),
Gambierdiscus toxicus,Gambierdiscus,Goniodomataceae,Gonyaulacales,Dinophyceae,,Phytoplankton,1.85E-06,s^-1,29,Celsius,8.41E-14,m^3,https://esajournals.onlinelibrary.wiley.com/doi/abs/10.1890/12-2060.1 (BioTraits),
Geobacillus caldotenax,Geobacillus,Bacillaceae,Bacillales,Bacilli,Firmicutes,Bacteria,0.00061292,s^-1,64.60225872,Celsius,5.24E-19,m^3,Bergey's Manual of Systematic Bacteriology: Volume 3: The Firmicutes,pg.159 as Bacillus caldotenax. Length based from Geobacillus thermantarcticus - https://bacdive.dsmz.de/strain/1438
Geobacillus stearothermophilus,Geobacillus,Bacillaceae,Bacillales,Bacilli,Firmicutes,Bacteria,0.00077185,s^-1,51.6234,Celsius,1.50E-18,m^3,Bergey's Manual of Systematic Bacteriology: Volume 3: The Firmicutes,pg.154
Gephyrocapsa oceanica,Gephyrocapsa,Noelaerhabdaceae,Isochrysidales,Coccolithophyceae,Haptophyta,Phytoplankton,1.08E-05,s^-1,24,Celsius,4.80E-17,m^3,https://esajournals.onlinelibrary.wiley.com/doi/abs/10.1890/12-2060.1 (BioTraits),
Glaciecola punicea,Glaciecola,Alteromonadaceae,Alteromonadales,Gammaproteobacteria,Proteobacteria,Bacteria,3.12E-05,s^-1,13.71,Celsius,3.20E-19,m^3,http://www.microbiologyresearch.org/docserver/fulltext/ijsem/48/4/ijs-48-4-1213.pdf?expires=1526915961&id=id&accname=guest&checksum=088CF97C1DF83E51FD1BE8ED3B8D2D3D,
Golenkinia radiata,Golenkinia,Neochloridaceae,Sphaeropleales,Chlorophyceae,Chlorophyta,Phytoplankton,1.45E-05,s^-1,26,Celsius,1.02E-15,m^3,"Olenina, I., Hajdu, S., Edler, L., Andersson, A., Wasmund, N., Busch, S., G√∂bel, J., Gromisz, S., Huseby, S., Huttunen, M., Jaanus, A., Kokkonen, P., Ledaine, I. and Niemkiewicz, E. 2006. Biovolumes and size-classes of phytoplankton in the Baltic Sea. HEL",
Gonyostomum semen,Gonyostomum,Vacuolariaceae,Chattonellales,Raphidophyceae,Ochrophyta,Phytoplankton,8.91E-07,s^-1,9,Celsius,9.54E-15,m^3,"Olenina, I., Hajdu, S., Edler, L., Andersson, A., Wasmund, N., Busch, S., G√∂bel, J., Gromisz, S., Huseby, S., Huttunen, M., Jaanus, A., Kokkonen, P., Ledaine, I. and Niemkiewicz, E. 2006. Biovolumes and size-classes of phytoplankton in the Baltic Sea. HEL",
Gymnodinium breve,Gymnodinium,Kareniaceae,Gymnodiniales,Dinophyceae,,Phytoplankton,2.55E-06,s^-1,25,Celsius,6.03E-16,m^3,https://esajournals.onlinelibrary.wiley.com/doi/abs/10.1890/12-2060.1 (BioTraits),
Gymnodinium catenatum,Gymnodinium,Gymnodiniaceae,Gymnodiniales,Dinophyceae,,Phytoplankton,4.28E-06,s^-1,22.5,Celsius,4.52E-14,m^3,https://esajournals.onlinelibrary.wiley.com/doi/abs/10.1890/12-2060.1 (BioTraits),
Gymnodinium corollarium,Gymnodinium,Gymnodiniaceae,Gymnodiniales,Dinophyceae,,Phytoplankton,3.82E-06,s^-1,4,Celsius,5.24E-15,m^3,https://esajournals.onlinelibrary.wiley.com/doi/abs/10.1890/12-2060.1 (BioTraits),
Gymnodinium sanguineum,Gymnodinium,Gymnodiniaceae,Gymnodiniales,Dinophyceae,Dinophyta,Phytoplankton,5.98E-06,s^-1,25,Celsius,1.32E-13,m^3,https://esajournals.onlinelibrary.wiley.com/doi/abs/10.1890/12-2060.1 (BioTraits),
Haematococcus droebakensis,Haematococcus,Haematococcaceae,Volvocales,Chlorophyceae,Chlorophyta,Phytoplankton,6.02E-06,s^-1,20,Celsius,9.14E-15,m^3,https://esajournals.onlinelibrary.wiley.com/doi/abs/10.1890/12-2060.1 (BioTraits),
Halanaerobium alcaliphilum,Halanaerobium,Halanaerobiaceae,Halanaerobiales,Clostridia,Firmicutes,Bacteria,8.26E-05,s^-1,36.643,Celsius,1.95E-18,m^3,"Bergey's Manual of Systematic Bacteriology: Volume 3: The Firmicutes, pg.1198",pg.1199
Halanaerobium lacusrosei,Halanaerobium,Halanaerobiaceae,Halanaerobiales,Clostridia,Firmicutes,Bacteria,4.83E-05,s^-1,40,Celsius,5.13E-19,m^3,"Bergey's Manual of Systematic Bacteriology: Volume 3: The Firmicutes, pg.1200","Bergey's Manual of Systematic Bacteriology: Volume 3: The Firmicutes, pg.1200"
Haloarcula vallismortis,Haloarcula,Halobacteriaceae,Halobacteriales,Halobacteria,Euryarchaeota,Archaea,0.00014998,s^-1,44.9496,Celsius,2.23E-18,m^3,http://www.microbiologyresearch.org/docserver/fulltext/ijsem/40/2/ijs-40-2-209.pdf?expires=1527009437&id=id&accname=guest&checksum=96A42DD1DAE75BB730F115177803E8B6,
Halobacterium salinarum,Halobacterium,Halobacteriaceae,Halobacteriales,Halobacteria,Euryarchaeota,Archaea,0.00018508,s^-1,49.1739,Celsius,4.27E-18,m^3,https://books.google.co.uk/books?id=swciHNNWZDEC&pg=PA118&dq=Halobacterium+cell+size&hl=en&sa=X&ved=0ahUKEwj6ksfXnZrbAhUOe8AKHSmQC2gQ6AEIOTAD#v=onepage&q=Halobacterium%20cell%20size&f=false,pg.118
Halobaculum gomorrense,Halobaculum,Haloferacaceae,Haloferacales,Halobacteria,Euryarchaeota,Archaea,0.00015817,s^-1,42.9886,Celsius,4.27E-18,m^3,"The Prokaryotes: Volume 3: Archaea. Bacteria: Firmicutes, Actinomycetes (vol 3)  by Ralph S. Wolfe (auth.), Martin Dworkin Professor Dr., Stanley Falkow, Eugene Rosenberg, Karl-Heinz Schleifer, Erko Stackebrandt (eds.) ",pg.118
Halococcus morrhuae,Halococcus,Halobacteriaceae,Halobacteriales,Halobacteria,Euryarchaeota,Archaea,0.00020521,s^-1,50.9957,Celsius,1.02E-18,m^3,"The Prokaryotes: Volume 3: Archaea. Bacteria: Firmicutes, Actinomycetes (vol 3)  by Ralph S. Wolfe (auth.), Martin Dworkin Professor Dr., Stanley Falkow, Eugene Rosenberg, Karl-Heinz Schleifer, Erko Stackebrandt (eds.) ",pg.122
Haloferax volcanii,Haloferax,Haloferacaceae,Haloferacales,Halobacteria,Euryarchaeota,Archaea,0.00018468,s^-1,45.0901,Celsius,1.14E-17,m^3,"The Prokaryotes: Volume 3: Archaea. Bacteria: Firmicutes, Actinomycetes (vol 3)  by Ralph S. Wolfe (auth.), Martin Dworkin Professor Dr., Stanley Falkow, Eugene Rosenberg, Karl-Heinz Schleifer, Erko Stackebrandt (eds.) ",pg.124
Halogeometricum borinquense,Halogeometricum,Haloferacaceae,Haloferacales,Halobacteria,Euryarchaeota,Archaea,0.00018992,s^-1,49.0452,Celsius,5.11E-18,m^3,"The Prokaryotes: Volume 3: Archaea. Bacteria: Firmicutes, Actinomycetes (vol 3)  by Ralph S. Wolfe (auth.), Martin Dworkin Professor Dr., Stanley Falkow, Eugene Rosenberg, Karl-Heinz Schleifer, Erko Stackebrandt (eds.) ",pg.122
Halomonas campisalis,Halomonas,Halomonadaceae,Oceanospirillales,Gammaproteobacteria,Proteobacteria,Bacteria,4.11E-05,s^-1,29.9166,Celsius,2.88E-18,m^3,https://www.ncbi.nlm.nih.gov/pubmed/10794143,
Halomonas elongata,Halomonas,Halomonadaceae,Oceanospirillales,Gammaproteobacteria,Proteobacteria,Bacteria,0.00026346,s^-1,35.97092192,Celsius,1.39E-18,m^3,http://www.microbiologyresearch.org/docserver/fulltext/ijsem/51/4/0511457a.pdf?expires=1526917758&id=id&accname=guest&checksum=88E8DCDABD428EA0F6249F0404341F87,
Halomonas halodenitrificans,Halomonas,Halomonadaceae,Oceanospirillales,Gammaproteobacteria,Proteobacteria,Bacteria,0.00012166,s^-1,35.06580037,Celsius,3.58E-19,m^3,Size:https://www.um.es/biomybiotec/web/Seminarios/2008/papers/A_Ventosa_Biology_moderately_halophilic.pdf;  mass:http://www.pnas.org/content/105/44/16994,DeLong
Halomonas subglaciescola,Halomonas,Halomonadaceae,Oceanospirillales,Gammaproteobacteria,Proteobacteria,Bacteria,3.00E-07,s^-1,19.07,Celsius,2.68E-17,m^3,http://www.microbiologyresearch.org/docserver/fulltext/ijsem/37/1/ijs-37-1-27.pdf?expires=1526918345&id=id&accname=guest&checksum=BCFA940E8C9D2267ACB4B0C4DE28C1DA,length vary‚Äôs dramatically 
Halonatronum saccharophilum,Halonatronum,Halobacteroidaceae,Halanaerobiales,Clostridia,Firmicutes,Bacteria,6.09E-05,s^-1,46.6861,Celsius,1.60E-18,m^3,Bergey's Manual of Systematic Bacteriology: Volume 3: The Firmicutes,pg.1215
Halorubrum saccharovorum,Halorubrum,Haloferacaceae,Haloferacales,Halobacteria,Euryarchaeota,Archaea,0.00014953,s^-1,44.9874,Celsius,7.04E-19,m^3,"The Prokaryotes: Volume 3: Archaea. Bacteria: Firmicutes, Actinomycetes (vol 3)  by Ralph S. Wolfe (auth.), Martin Dworkin Professor Dr., Stanley Falkow, Eugene Rosenberg, Karl-Heinz Schleifer, Erko Stackebrandt (eds.) ",pg.118
Haloterrigena turkmenica,Haloterrigena,Natrialbaceae,Natrialbales,Halobacteria,Euryarchaeota,Archaea,0.00019879,s^-1,51.0409,Celsius,2.98E-18,m^3,"The Prokaryotes: Volume 3: Archaea. Bacteria: Firmicutes, Actinomycetes (vol 3)  by Ralph S. Wolfe (auth.), Martin Dworkin Professor Dr., Stanley Falkow, Eugene Rosenberg, Karl-Heinz Schleifer, Erko Stackebrandt (eds.) ",pg.126
Hydrogenophaga pseudoflava,Hydrogenophaga,Comamonadaceae,Burkholderiales,Betaproteobacteria,Proteobacteria,Bacteria,8.08E-05,s^-1,23.76828512,Celsius,7.67E-19,m^3,https://www.ncbi.nlm.nih.gov/pmc/articles/PMC2812990/,
Hymenomonas carterae,Hymenomonas,Pleurochrysidaceae,Coccolithales,Coccolithophyceae,Haptophyta,Phytoplankton,3.91E-06,s^-1,19,Celsius,7.35E-16,m^3,"Olenina, I., Hajdu, S., Edler, L., Andersson, A., Wasmund, N., Busch, S., G√∂bel, J., Gromisz, S., Huseby, S., Huttunen, M., Jaanus, A., Kokkonen, P., Ledaine, I. and Niemkiewicz, E. 2006. Biovolumes and size-classes of phytoplankton in the Baltic Sea. HEL",
Isochrysis galbana,Isochrysis,Isochrysidaceae,Isochrysidales,Coccolithophyceae,Haptophyta,Phytoplankton,2.27E-05,s^-1,25,Celsius,5.90E-17,m^3,https://esajournals.onlinelibrary.wiley.com/doi/abs/10.1890/12-2060.1 (BioTraits),
Isosphaera pallida,Isosphaera,Planctomycetaceae,Planctomycetales,Planctomycea,Planctomycetes,Bacteria,1.10E-05,s^-1,40.5327,Celsius,1.12E-17,m^3,https://link.springer.com/article/10.1007/BF00463488,
Klebsiella oxytoca,Klebsiella,Enterobacteriaceae,Enterobacteriales,Gammaproteobacteria,Proteobacteria,Bacteria,0.00098619,s^-1,37.01,Celsius,2.24E-18,m^3,http://www.vetbact.org/index.php?artid=156,
Lactobacillus acidophilus,Lactobacillus,Lactobacillaceae,Lactobacillales,Bacilli,Firmicutes,Bacteria,0.00015302,s^-1,42.0329,Celsius,2.00E-18,m^3,https://books.google.co.uk/books?id=0-VqgLiCPFcC&pg=PA500&dq=Lactobacillus+acidophilus+cell+diameter&hl=en&sa=X&ved=0ahUKEwjr5JO5t4rbAhUSe8AKHc_xDKoQ6AEITzAI#v=snippet&q=L.acidophilus%20&f=false,"Bergey's Manual of Systematic Bacteriology: Volume 3: The Firmicutes, pg.491"
Lactobacillus delbrueckii,Lactobacillus,Lactobacillaceae,Lactobacillales,Bacilli,Firmicutes,Bacteria,0.00029863,s^-1,45.0025,Celsius,2.37E-18,m^3,https://hal.archives-ouvertes.fr/hal-00929612/document,pg.499
Lactobacillus paracasei,Lactobacillus,Lactobacillaceae,Lactobacillales,Bacilli,Firmicutes,Bacteria,8.35E-05,s^-1,34.0105,Celsius,1.88E-18,m^3,"Bergey's Manual of Systematic Bacteriology: Volume 3: The Firmicutes, pg.504",pg.504
Lactobacillus rhamnosus,Lactobacillus,Lactobacillaceae,Lactobacillales,Bacilli,Firmicutes,Bacteria,0.00024465,s^-1,45.0843,Celsius,1.88E-18,m^3,Bergey's Manual of Systematic Bacteriology: Volume 3: The Firmicutes,pg.507
Lactococcus lactis,Lactococcus,Streptococcaceae,Lactobacillales,Bacilli,Firmicutes,Bacteria,0.00032237,s^-1,35.9858,Celsius,2.95E-19,m^3,Size:https://hal.archives-ouvertes.fr/hal-00929612/document; Mass:http://www.pnas.org/content/105/44/16994,
Lactococcus piscium,Lactococcus,Streptococcaceae,Lactobacillales,Bacilli,Firmicutes,Bacteria,0.00018337,s^-1,24.9851,Celsius,2.95E-19,m^3,https://onlinelibrary.wiley.com/doi/pdf/10.1111/jam.13179,pg.245
Leonella granifera,Leonella,Dinophyceae incertae sedis,Dinophyceae incertae sedis,Dinophyceae,,Phytoplankton,4.63E-06,s^-1,28,Celsius,5.24E-16,m^3,https://esajournals.onlinelibrary.wiley.com/doi/abs/10.1890/12-2060.1 (BioTraits),
Limnothrix redekei,Limnothrix,Oscillatoriaceae,Oscillatoriales,Cyanophyceae,Cyanobacteria,Bacteria,1.53E-05,s^-1,25,Celsius,3.50E-17,m^3,,
Listeria monocytogenes,Listeria,Listeriaceae,Bacillales,Bacilli,Firmicutes,Bacteria,0.00044827,s^-1,35.45,Celsius,2.03E-19,m^3,Bergey's Manual of Systematic Bacteriology: Volume 3: The Firmicutes,pg.245
Marinithermus hydrothermalis,Marinithermus,Thermaceae,Thermales,Deinococci,Deinococcus-Thermus,Bacteria,0.00051702,s^-1,67.4079,Celsius,5.85E-18,m^3,http://www.microbiologyresearch.org/docserver/fulltext/ijsem/53/1/59.pdf?expires=1526922495&id=id&accname=guest&checksum=E4691D32D2EA9A09BB04138504F6D456,
Marinitoga piezophila,Marinitoga,Thermotogaceae,Thermotogales,Thermotogae,Thermotogae,Bacteria,0.00052883,s^-1,65.0015,Celsius,2.13E-19,m^3,https://www.ncbi.nlm.nih.gov/pubmed/12148648,
Marinobacter alkaliphilus,Marinobacter,Alteromonadaceae,Alteromonadales,Gammaproteobacteria,Proteobacteria,Bacteria,0.00025953,s^-1,35.0882,Celsius,1.26E-18,m^3,https://www.researchgate.net/publication/8388977_Marinobacter_alkaliphilus_sp_nov_a_novel_alkaliphilic_bacterium_isolated_from_subseafloor_alkaline_serpentine_mud_from_Ocean_Drilling_Program_Site_1200_at_South_Chamorro_Seamount_Mariana_Forearc,
Mastigocladus laminosus,Mastigocladus,Hapalosiphonaceae,Nostocales,Cyanophyceae,Cyanophyta,Bacteria,8.59E-06,s^-1,44,Celsius,2.29E-17,m^3,https://academic.oup.com/femsle/article/364/15/fnx154/3983256,
Meiothermus chliarophilus,Meiothermus,Thermaceae,Thermales,Deinococci,Deinococcus-Thermus,Bacteria,0.00012982,s^-1,49.9541,Celsius,2.60E-18,m^3,https://onlinelibrary.wiley.com/doi/full/10.1111/j.1574-6968.2002.tb11445.x,Length is variable Cell length based from Meiothermus hypogaeus https://bacdive.dsmz.de/strain/16711
Mesotaenium kramstae,Mesotaenium,Mesotaeniaceae,Zygnematales,Zygnematophyceae,Streptophyta,Phytoplankton,7.29E-06,s^-1,24,Celsius,4.45E-15,m^3,https://esajournals.onlinelibrary.wiley.com/doi/abs/10.1890/12-2060.1 (BioTraits),
Methanobacterium subterraneum,Methanobacterium,Methanobacteriaceae,Methanobacteriales,Methanobacteria,Euryarchaeota,Archaea,3.61E-05,s^-1,39.931,Celsius,4.26E-19,m^3,"The Prokaryotes: Volume 3: Archaea. Bacteria: Firmicutes, Actinomycetes (vol 3)  by Ralph S. Wolfe (auth.), Martin Dworkin Professor Dr., Stanley Falkow, Eugene Rosenberg, Karl-Heinz Schleifer, Erko Stackebrandt (eds.) ",pg.234
Methanocaldococcus jannaschii,Methanocaldococcus,Methanocaldococcaceae,Methanococcales,Methanococci,Euryarchaeota,Archaea,0.00039913,s^-1,86.2145,Celsius,1.77E-18,m^3,"The Prokaryotes: Volume 3: Archaea. Bacteria: Firmicutes, Actinomycetes (vol 3)  by Ralph S. Wolfe (auth.), Martin Dworkin Professor Dr., Stanley Falkow, Eugene Rosenberg, Karl-Heinz Schleifer, Erko Stackebrandt (eds.) ",pg.267
Methanocaldococcus vulcanius,Methanocaldococcus,Methanocaldococcaceae,Methanococcales,Methanococci,Euryarchaeota,Archaea,0.00022032,s^-1,79.5092,Celsius,7.33E-18,m^3,"The Prokaryotes: Volume 3: Archaea. Bacteria: Firmicutes, Actinomycetes (vol 3)  by Ralph S. Wolfe (auth.), Martin Dworkin Professor Dr., Stanley Falkow, Eugene Rosenberg, Karl-Heinz Schleifer, Erko Stackebrandt (eds.) ",pg.267
Methanoculleus submarinus,Methanoculleus,Methanomicrobiaceae,Methanomicrobiales,Methanomicrobia,Euryarchaeota,Archaea,3.06E-05,s^-1,44.7522,Celsius,2.23E-18,m^3,http://www.microbiologyresearch.org/docserver/fulltext/ijsem/65/7/2141_ijs000233.pdf?expires=1527082919&id=id&accname=guest&checksum=6D3AF1C0ABD8AB386AD26E5D0AF0D092,
Methanogenium frigidum,Methanogenium,Methanomicrobiaceae,Methanomicrobiales,Methanomicrobia,Euryarchaeota,Archaea,2.72E-06,s^-1,9.97335,Celsius,4.54E-18,m^3,"The Prokaryotes: Volume 3: Archaea. Bacteria: Firmicutes, Actinomycetes (vol 3)  by Ralph S. Wolfe (auth.), Martin Dworkin Professor Dr., Stanley Falkow, Eugene Rosenberg, Karl-Heinz Schleifer, Erko Stackebrandt (eds.) ",pg.216
Methanohalophilus portucalensis,Methanohalophilus,Methanosarcinaceae,Methanosarcinales,Methanomicrobia,Euryarchaeota,Archaea,1.61E-05,s^-1,36.6892,Celsius,2.15E-18,m^3,"The Prokaryotes: Volume 3: Archaea. Bacteria: Firmicutes, Actinomycetes (vol 3)  by Ralph S. Wolfe (auth.), Martin Dworkin Professor Dr., Stanley Falkow, Eugene Rosenberg, Karl-Heinz Schleifer, Erko Stackebrandt (eds.) ",pg.251
Methanopyrus kandleri,Methanopyrus,Methanopyraceae,Methanopyrales,Methanopyri,Euryarchaeota,Archaea,0.00019342,s^-1,105.111,Celsius,2.07E-18,m^3,https://www.ncbi.nlm.nih.gov/pmc/articles/PMC2490668/,
Methanothermococcus okinawensis,Methanothermococcus,Methanococcaceae,Methanococcales,Methanococci,Euryarchaeota,Archaea,0.000313,s^-1,61.9822,Celsius,1.15E-18,m^3,"The Prokaryotes: Volume 3: Archaea. Bacteria: Firmicutes, Actinomycetes (vol 3)  by Ralph S. Wolfe (auth.), Martin Dworkin Professor Dr., Stanley Falkow, Eugene Rosenberg, Karl-Heinz Schleifer, Erko Stackebrandt (eds.) ",pg.265
Micrasterias americana,Micrasterias,Desmidiaceae,Zygnematales,Zygnematophyceae,Streptophyta,Phytoplankton,1.74E-06,s^-1,20,Celsius,1.58E-12,m^3,https://esajournals.onlinelibrary.wiley.com/doi/abs/10.1890/12-2060.1 (BioTraits),
Microcystis aeruginosa,Microcystis,Chroococcaceae,Chroococcales,Cyanophyceae,Cyanobacteria,Bacteria,1.09E-05,s^-1,30,Celsius,3.30E-15,m^3,https://esajournals.onlinelibrary.wiley.com/doi/abs/10.1890/12-2060.1,"Dell, A.I., S. Pawar, V.M. Savage. 2013. The thermal dependence of biological traits. Ecology 94: 1205."
Microcystis ichthyoblabe,Microcystis,Microcystaceae,Chroococcales,Cyanophyceae,Cyanophyta,Bacteria,1.53E-05,s^-1,35,Celsius,9.16E-18,m^3,http://www.microbiologyresearch.org/docserver/fulltext/ijsem/50/2/0500767a.pdf?expires=1526386385&id=id&accname=guest&checksum=D6D463D904C41C12E91EDE3C839CD10D,"Width is Diameter, shape info: Wiki Microcystis"
Monoraphidium contortum,Monoraphidium,Selenastraceae,Sphaeropleales,Chlorophyceae,Chlorophyta,Phytoplankton,4.05E-06,s^-1,10,Celsius,1.33E-16,m^3,"Olenina, I., Hajdu, S., Edler, L., Andersson, A., Wasmund, N., Busch, S., G√∂bel, J., Gromisz, S., Huseby, S., Huttunen, M., Jaanus, A., Kokkonen, P., Ledaine, I. and Niemkiewicz, E. 2006. Biovolumes and size-classes of phytoplankton in the Baltic Sea. HEL",
Monoraphidium griffithii,Monoraphidium,Selenastraceae,Sphaeropleales,Chlorophyceae,Chlorophyta,Phytoplankton,8.80E-06,s^-1,32.5,Celsius,1.27E-16,m^3,"Olenina, I., Hajdu, S., Edler, L., Andersson, A., Wasmund, N., Busch, S., G√∂bel, J., Gromisz, S., Huseby, S., Huttunen, M., Jaanus, A., Kokkonen, P., Ledaine, I. and Niemkiewicz, E. 2006. Biovolumes and size-classes of phytoplankton in the Baltic Sea. HEL",
Moritella abyssi,Moritella,Moritellaceae,Alteromonadales,Gammaproteobacteria,Proteobacteria,Bacteria,4.57E-05,s^-1,4.46461,Celsius,4.17E-18,m^3,http://www.microbiologyresearch.org/docserver/fulltext/ijsem/53/2/533.pdf?expires=1526923609&id=id&accname=guest&checksum=0A81172A69073197CC23FFE176BBC42C,
Moritella profunda,Moritella,Moritellaceae,Alteromonadales,Gammaproteobacteria,Proteobacteria,Bacteria,5.27E-05,s^-1,1.96007,Celsius,2.98E-18,m^3,http://www.microbiologyresearch.org/docserver/fulltext/ijsem/53/2/533.pdf?expires=1526923609&id=id&accname=guest&checksum=0A81172A69073197CC23FFE176BBC42C,
Nannochloropsis oceanica,Nannochloropsis,Monodopsidaceae,Eustigmatales,Eustigmatophyceae,Ochrophyta,Phytoplankton,1.89E-05,s^-1,29,Celsius,1.50E-17,m^3,https://esajournals.onlinelibrary.wiley.com/doi/abs/10.1890/12-2060.1 (BioTraits),
Natrialba asiatica,Natrialba,Natrialbaceae,Natrialbales,Halobacteria,Euryarchaeota,Archaea,0.00015685,s^-1,45.1957,Celsius,5.56E-19,m^3,"The Prokaryotes: Volume 3: Archaea. Bacteria: Firmicutes, Actinomycetes (vol 3)  by Ralph S. Wolfe (auth.), Martin Dworkin Professor Dr., Stanley Falkow, Eugene Rosenberg, Karl-Heinz Schleifer, Erko Stackebrandt (eds.) ",pg.122
Natrinema pellirubrum,Natrinema,Natrialbaceae,Natrialbales,Halobacteria,Euryarchaeota,Archaea,0.00018399,s^-1,51.2078,Celsius,1.55E-18,m^3,"The Prokaryotes: Volume 3: Archaea. Bacteria: Firmicutes, Actinomycetes (vol 3)  by Ralph S. Wolfe (auth.), Martin Dworkin Professor Dr., Stanley Falkow, Eugene Rosenberg, Karl-Heinz Schleifer, Erko Stackebrandt (eds.) ",pg.126
Natronobacterium gregoryi,Natronobacterium,Natrialbaceae,Natrialbales,Halobacteria,Euryarchaeota,Archaea,0.00017693,s^-1,47.1046,Celsius,3.81E-18,m^3,"The Prokaryotes: Volume 3: Archaea. Bacteria: Firmicutes, Actinomycetes (vol 3)  by Ralph S. Wolfe (auth.), Martin Dworkin Professor Dr., Stanley Falkow, Eugene Rosenberg, Karl-Heinz Schleifer, Erko Stackebrandt (eds.) ",pg.122
Natronococcus occultus,Natronococcus,Natrialbaceae,Natrialbales,Halobacteria,Euryarchaeota,Archaea,0.00015488,s^-1,45.1336,Celsius,2.36E-18,m^3,"The Prokaryotes: Volume 3: Archaea. Bacteria: Firmicutes, Actinomycetes (vol 3)  by Ralph S. Wolfe (auth.), Martin Dworkin Professor Dr., Stanley Falkow, Eugene Rosenberg, Karl-Heinz Schleifer, Erko Stackebrandt (eds.) ",pg.124
Natronomonas pharaonis,Natronomonas,Halobacteriaceae,Halobacteriales,Halobacteria,Euryarchaeota,Archaea,0.0001776,s^-1,45.0786,Celsius,1.12E-18,m^3,"The Prokaryotes: Volume 3: Archaea. Bacteria: Firmicutes, Actinomycetes (vol 3)  by Ralph S. Wolfe (auth.), Martin Dworkin Professor Dr., Stanley Falkow, Eugene Rosenberg, Karl-Heinz Schleifer, Erko Stackebrandt (eds.) ",pg.120
Navicula arenaria,Navicula,Naviculaceae,Naviculales,Bacillariophyceae,Bacillariophyta,Phytoplankton,1.16E-05,s^-1,16,Celsius,4.16E-15,m^3,https://esajournals.onlinelibrary.wiley.com/doi/abs/10.1890/12-2060.1 (BioTraits),
Nitzschia dissipata,Nitzschia,Bacillariaceae,Bacillariales,Bacillariophyceae,Bacillariophyta,Phytoplankton,2.03E-05,s^-1,25,Celsius,2.43E-16,m^3,https://esajournals.onlinelibrary.wiley.com/doi/abs/10.1890/12-2060.1 (BioTraits),
Nitzschia granii,Nitzschia,Bacillariaceae,Bacillariales,Bacillariophyceae,Bacillariophyta,Phytoplankton,1.10E-05,s^-1,14,Celsius,4.25E-16,m^3,https://esajournals.onlinelibrary.wiley.com/doi/abs/10.1890/12-2060.1 (BioTraits),
Nitzschia seriata,Nitzschia,Bacillariaceae,Bacillariales,Bacillariophyceae,Bacillariophyta,Phytoplankton,6.60E-06,s^-1,10,Celsius,6.17E-16,m^3,https://esajournals.onlinelibrary.wiley.com/doi/abs/10.1890/12-2060.1 (BioTraits),
Nitzschia sigma,Nitzschia,Bacillariaceae,Bacillariales,Bacillariophyceae,Bacillariophyta,Phytoplankton,4.98E-06,s^-1,25,Celsius,3.30E-15,m^3,https://esajournals.onlinelibrary.wiley.com/doi/abs/10.1890/12-2060.1 (BioTraits),
Odontella aurita,Odontella,Biddulphiaceae,Biddulphiales,Mediophyceae,Bacillariophyta,Phytoplankton,1.11E-05,s^-1,12,Celsius,1.25E-14,m^3,https://esajournals.onlinelibrary.wiley.com/doi/abs/10.1890/12-2060.1 (BioTraits),
Odontella mobilensis,Odontella,Triceratiaceae,Triceratiales,Bacillariophyceae,Bacillariophyta,Phytoplankton,1.56E-05,s^-1,27,Celsius,2.77E-14,m^3,https://esajournals.onlinelibrary.wiley.com/doi/abs/10.1890/12-2060.1 (BioTraits),
Odontella sinensis,Odontella,Triceratiaceae,Triceratiales,Bacillariophyceae,Bacillariophyta,Phytoplankton,9.30E-06,s^-1,30,Celsius,3.28E-13,M^3,http://www.esapubs.org/archive/ecol/E094/149/metadata.php,
Olisthodiscus luteus,Olisthodiscus,Chattonellaceae,Chattonellales,Raphidophyceae,Ochrophyta,Phytoplankton,1.12E-05,s^-1,25,Celsius,1.15E-15,m^3,https://esajournals.onlinelibrary.wiley.com/doi/abs/10.1890/12-2060.1 (BioTraits),
Ostreopsis heptagona,Ostreopsis,Ostreopsidaceae,Peridiniales,Dinophyceae,,Phytoplankton,1.85E-06,s^-1,25,Celsius,2.00E-13,m^3,https://esajournals.onlinelibrary.wiley.com/doi/abs/10.1890/12-2060.1 (BioTraits),
Ostreopsis siamensis,Ostreopsis,Ostreopsidaceae,Peridiniales,Dinophyceae,,Phytoplankton,2.43E-06,s^-1,25,Celsius,6.47E-14,m^3,https://esajournals.onlinelibrary.wiley.com/doi/abs/10.1890/12-2060.1 (BioTraits),
Pelotomaculum thermopropionicum,Pelotomaculum,Peptococcaceae,Clostridiales,Clostridia,Firmicutes,Bacteria,1.91E-05,s^-1,55.4126,Celsius,9.19E-19,m^3,Bergey's Manual of Systematic Bacteriology: Volume 3: The Firmicutes,pg.997
Persephonella guaymasensis,Persephonella,Hydrogenothermaceae,Aquificales,Aquificae,Aquificae,Bacteria,4.18E-05,s^-1,70.088,Celsius,3.10E-19,m^3,http://ijs.microbiologyresearch.org/content/journal/ijsem/10.1099/00207713-52-4-1349#tab2,
Persephonella marina,Persephonella,Hydrogenothermaceae,Aquificales,Aquificae,Aquificae,Bacteria,5.76E-05,s^-1,73.1051,Celsius,3.10E-19,m^3,http://ijs.microbiologyresearch.org/content/journal/ijsem/10.1099/00207713-52-4-1349#tab2,
Phaeodactylum tricornutum,Phaeodactylum,Phaeodactylaceae,Naviculales,Bacillariophyceae,Bacillariophyta,Phytoplankton,1.90E-05,s^-1,25,Celsius,7.11E-17,m^3,https://esajournals.onlinelibrary.wiley.com/doi/abs/10.1890/12-2060.1 (BioTraits),
Planktothrix agardhii,Planktothrix,Phormidiaceae,Oscillatoriales,Cyanophyceae,Cyanophyta,Bacteria,1.31E-05,s^-1,30,Celsius,1.46E-15,m^3,"Olenina, I., Hajdu, S., Edler, L., Andersson, A., Wasmund, N., Busch, S., G√∂bel, J., Gromisz, S., Huseby, S., Huttunen, M., Jaanus, A., Kokkonen, P., Ledaine, I. and Niemkiewicz, E. 2006. Biovolumes and size-classes of phytoplankton in the Baltic Sea. HEL",Saujanya‚Äôs phytoplankton data
Pontosphaera huxleyi,Pontosphaera,Noelaerhabdaceae,Isochrysidales,Coccolithophyceae,Haptophyta,Phytoplankton,1.60E-05,s^-1,20,Celsius,3.56E-17,m^3,https://esajournals.onlinelibrary.wiley.com/doi/abs/10.1890/12-2060.1 (BioTraits),
Proboscia inermis,Proboscia,Rhizosoleniaceae,Rhizosoleniales,Bacillariophyceae,Bacillariophyta,Phytoplankton,5.09E-06,s^-1,6,Celsius,1.26E-14,m^3,http://www.esapubs.org/archive/ecol/E094/149/metadata.php,
Prochlorococcus marinus,Prochlorococcus,Synechococcaceae,Synechococcales,Cyanophyceae,Cyanobacteria,Bacteria,7.18E-06,s^-1,25,Celsius,1.60E-19,m^3,,
Profundimonas piezophila,Profundimonas,Oceanospirillaceae,Oceanospirillales,Gammaproteobacteria,Proteobacteria,Bacteria,4.17E-06,s^-1,8.00938,Celsius,1.57E-18,m^3,http://aem.asm.org/content/80/1/54.full,
Prorocentrum concavum,Prorocentrum,Prorocentraceae,Prorocentrales,Dinophyceae,,Phytoplankton,2.20E-06,s^-1,27,Celsius,6.87E-14,m^3,https://esajournals.onlinelibrary.wiley.com/doi/abs/10.1890/12-2060.1 (BioTraits),
Prorocentrum gracile,Prorocentrum,Prorocentraceae,Prorocentrales,Dinophyceae,,Phytoplankton,7.41E-06,s^-1,18,Celsius,2.36E-15,m^3,https://esajournals.onlinelibrary.wiley.com/doi/abs/10.1890/12-2060.1 (BioTraits),
Prorocentrum lima,Prorocentrum,Prorocentraceae,Prorocentrales,Dinophyceae,,Phytoplankton,2.43E-06,s^-1,27,Celsius,2.36E-14,m^3,https://esajournals.onlinelibrary.wiley.com/doi/abs/10.1890/12-2060.1 (BioTraits),
Prorocentrum mexicanum,Prorocentrum,Prorocentraceae,Prorocentrales,Dinophyceae,,Phytoplankton,1.97E-06,s^-1,27,Celsius,7.14E-15,m^3,https://esajournals.onlinelibrary.wiley.com/doi/abs/10.1890/12-2060.1 (BioTraits),
Prorocentrum micans,Prorocentrum,Prorocentraceae,Prorocentrales,Dinophyceae,,Phytoplankton,6.37E-06,s^-1,25,Celsius,1.63E-14,m^3,https://esajournals.onlinelibrary.wiley.com/doi/abs/10.1890/12-2060.1 (BioTraits),
Prorocentrum minimum,Prorocentrum,Prorocentraceae,Prorocentrales,Dinophyceae,,Phytoplankton,9.03E-06,s^-1,26.5,Celsius,2.07E-15,m^3,https://esajournals.onlinelibrary.wiley.com/doi/abs/10.1890/12-2060.1 (BioTraits),
Prymnesium polylepis,Prymnesium,Chrysochromulinaceae,Prymnesiales,Coccolithophyceae,Haptophyta,Phytoplankton,1.03E-05,s^-1,19,Celsius,1.80E-16,m^3,https://esajournals.onlinelibrary.wiley.com/doi/abs/10.1890/12-2060.1 (BioTraits),
Pseudo-nitzschia pseudodelicatissima,Pseudo-nitzschia,Bacillariaceae,Bacillariales,Bacillariophyceae,Bacillariophyta,Phytoplankton,2.73E-05,s^-1,25,Celsius,2.98E-16,m^3,https://esajournals.onlinelibrary.wiley.com/doi/abs/10.1890/12-2060.1 (BioTraits),
Pseudo-nitzschia seriata,Pseudo-nitzschia,Bacillariaceae,Bacillariales,Bacillariophyceae,Bacillariophyta,Phytoplankton,5.67E-06,s^-1,6,Celsius,1.11E-15,m^3,https://esajournals.onlinelibrary.wiley.com/doi/abs/10.1890/12-2060.1 (BioTraits),
Pseudo-nitzschia turgiduloides,Pseudo-nitzschia,Bacillariaceae,Bacillariales,Bacillariophyceae,Bacillariophyta,Phytoplankton,5.79E-06,s^-1,3,Celsius,2.82E-16,m^3,https://esajournals.onlinelibrary.wiley.com/doi/abs/10.1890/12-2060.1 (BioTraits),
Pseudoalteromonas antarctica,Pseudoalteromonas,Pseudoalteromonadaceae,Alteromonadales,Gammaproteobacteria,Proteobacteria,Bacteria,5.89E-05,s^-1,17.5,Celsius,8.91E-19,m^3,http://www.microbiologyresearch.org/docserver/fulltext/ijsem/47/2/ijs-47-2-345.pdf?expires=1526924343&id=id&accname=guest&checksum=FF1A3F36005B016E92C7B9740F808F9A,
Pseudomonas fluorescens,Pseudomonas,Pseudomonadaceae,Pseudomonadales,Gammaproteobacteria,Proteobacteria,Bacteria,0.00039527,s^-1,30.41,Celsius,1.91E-18,m^3,Size:https://academic.oup.com/femsec/article/86/1/36/529865; Mass:http://www.pnas.org/content/105/44/16994,
Pseudomonas putida,Pseudomonas,Pseudomonadaceae,Pseudomonadales,Gammaproteobacteria,Proteobacteria,Bacteria,0.00045927,s^-1,31.21,Celsius,3.33E-19,m^3,Size:https://onlinelibrary.wiley.com/doi/full/10.1002/jctb.5299; Mass:http://www.pnas.org/content/105/44/16994,
Pseudothermotoga lettingae,Pseudothermotoga,Thermotogaceae,Thermotogales,Thermotogae,Thermotogae,Bacteria,6.15E-05,s^-1,65.0602,Celsius,4.32E-18,m^3,https://books.google.co.uk/books?id=3znhBwAAQBAJ&pg=PA370&lpg=PA370&dq=thermotogaceae+cell+size&source=bl&ots=iAqIJx8wC_&sig=PVgY-4Ga0mAJzpzmsQnfUfXkjEU&hl=en&sa=X&ved=0ahUKEwjEoreSxorbAhXILsAKHaPCA88Q6AEIMjAC#v=onepage&q=thermotogaceae%20cell%20size&f=false,Average size of family Thermotogaceae taken. pg.370
Pseudoxanthomonas broegbernensis,Pseudoxanthomonas,Xanthomonadaceae,Xanthomonadales,Gammaproteobacteria,Proteobacteria,Bacteria,9.71E-05,s^-1,30.059,Celsius,2.96E-19,m^3,https://books.google.co.uk/books?id=5zSYmcq0GdgC&pg=PA453&lpg=PA453&dq=Colwellia+demingiae+cell+size&source=bl&ots=fke1PEk0Jq&sig=GCks8dltnn04MME18nQ_l3xBObk&hl=en&sa=X&ved=0ahUKEwifxNvxyorbAhUqJMAKHRfjClAQ6AEITzAF#v=onepage&q=Xanthomonadaceae&f=false,"Could not find size info for genus or species, so info on family: Xanthomonas used; pg. 63 of Bergey‚Äôs Manual of Systematic Bacteriology Volume 2: The Proteobacteria"
Pseudoxanthomonas taiwanensis,Pseudoxanthomonas,Xanthomonadaceae,Xanthomonadales,Gammaproteobacteria,Proteobacteria,Bacteria,0.0001302,s^-1,50.1388,Celsius,2.96E-19,m^3,https://books.google.co.uk/books?id=5zSYmcq0GdgC&pg=PA453&lpg=PA453&dq=Colwellia+demingiae+cell+size&source=bl&ots=fke1PEk0Jq&sig=GCks8dltnn04MME18nQ_l3xBObk&hl=en&sa=X&ved=0ahUKEwifxNvxyorbAhUqJMAKHRfjClAQ6AEITzAF#v=onepage&q=Xanthomonadaceae&f=false,pg. 63 of Bergey‚Äôs Manual of Systematic Bacteriology Volume 2: The Proteobacteria
Psychrobacter muriicola,Psychrobacter,Moraxellaceae,Pseudomonadales,Gammaproteobacteria,Proteobacteria,Bacteria,3.53E-05,s^-1,17.9623,Celsius,6.87E-19,m^3,http://cryosol.ru/images/stuff/liza/shcherb-2009.pdf,Cells are cocci or coccobacilli
Psychroflexus torquis,Psychroflexus,Flavobacteriaceae,Flavobacteriales,Flavobacteriia,Bacteroidetes,Bacteria,1.50E-05,s^-1,11.0874,Celsius,2.23E-18,m^3,https://books.google.co.uk/books?id=0kghF7qBE98C&pg=PA258&lpg=PA258&dq=Psychroflexus+torquis+cell+size&source=bl&ots=Rkp9HzNY4S&sig=oi1y7rL_0PSrFXxrPvXfR8KnvhU&hl=en&sa=X&ved=0ahUKEwjggeHa04rbAhVKAsAKHWyXAgw4ChDoAQgtMAE#v=onepage&q=Psychroflexus%20torquis%20cell%20size&f=false,pg. 258 of Bergey‚Äôs Manual of Systematic Bacteriology Volume 4: The Bacteroidetes
Pyrococcus abyssi,Pyrococcus,Thermococcaceae,Thermococcales,Thermococci,Euryarchaeota,Archaea,0.00035006,s^-1,96.0131,Celsius,2.23E-18,m^3,https://link.springer.com/content/pdf/10.1007%2FBF00252219.pdf,
Pyrococcus glycovorans,Pyrococcus,Thermococcaceae,Thermococcales,Thermococci,Euryarchaeota,Archaea,5.32E-05,s^-1,95.7951,Celsius,9.16E-19,m^3,http://www.microbiologyresearch.org/docserver/fulltext/ijsem/49/4/ijs-49-4-1829.pdf?expires=1527181686&id=id&accname=guest&checksum=87D587FDE1E105484D7888033FBE0A80,
Pyrodinium bahamense,Pyrodinium,Goniodomataceae,Gonyaulacales,Dinophyceae,,Phytoplankton,3.13E-06,s^-1,28.5,Celsius,2.17E-14,m^3,https://esajournals.onlinelibrary.wiley.com/doi/abs/10.1890/12-2060.1 (BioTraits),
Rhizosolenia setigera,Rhizosolenia,Rhizosoleniaceae,Rhizosoleniales,Bacillariophyceae,Bacillariophyta,Phytoplankton,1.56E-05,s^-1,27,Celsius,7.55E-16,m^3,https://esajournals.onlinelibrary.wiley.com/doi/abs/10.1890/12-2060.1 (BioTraits),
Rubrobacter radiotolerans,Rubrobacter,Rubrobacteraceae,Rubrobacterales,Rubrobacteria,Actinobacteria,Bacteria,3.14E-05,s^-1,50.2169,Celsius,1.62E-18,m^3,https://books.google.co.uk/books?id=66UMS7A2KisC&pg=PA2006&lpg=PA2006&dq=Rubrobacter+xylanophilus+cell+volume&source=bl&ots=_8IUoOsVAb&sig=ISGSN_kQXz9eLGaLTAua_OkTDaI&hl=en&sa=X&ved=0ahUKEwij1MrJ1YrbAhUJXMAKHdoNCm84ChDoAQgvMAE#v=onepage&q=Rubrobacter%20xylanophilus%20cell%20volume&f=false,pg. 2008 of Bergey‚Äôs Manual of Systematic Bacteriology Volume 5: The Actinobacteria
Rubrobacter xylanophilus,Rubrobacter,Rubrobacteraceae,Rubrobacterales,Rubrobacteria,Actinobacteria,Bacteria,5.99E-05,s^-1,60.1472,Celsius,1.27E-18,m^3,https://books.google.co.uk/books?id=66UMS7A2KisC&pg=PA2006&lpg=PA2006&dq=Rubrobacter+xylanophilus+cell+volume&source=bl&ots=_8IUoOsVAb&sig=ISGSN_kQXz9eLGaLTAua_OkTDaI&hl=en&sa=X&ved=0ahUKEwij1MrJ1YrbAhUJXMAKHdoNCm84ChDoAQgvMAE#v=onepage&q=Rubrobacter%20xylanophilus%20cell%20volume&f=false,pg. 2008 of Bergey‚Äôs Manual of Systematic Bacteriology Volume 5: The Actinobacteria
Salmonella enterica,Salmonella,Enterobacteriaceae,Enterobacteriales,Gammaproteobacteria,Proteobacteria,Bacteria,0.000209,s^-1,39.9335,Celsius,4.32E-18,m^3,Size:http://cmr.asm.org/content/26/2/308.long; Mass:http://www.pnas.org/content/105/44/16994,Size of Salmonella enterica serovar Typhimurium: http://www.salmonella.org/info.html
Scenedesmus acuminatus,Scenedesmus,Scenedesmaceae,Sphaeropleales,Chlorophyceae,Chlorophyta,Phytoplankton,9.95E-06,s^-1,27.5,Celsius,1.75E-15,m^3,https://esajournals.onlinelibrary.wiley.com/doi/abs/10.1890/12-2060.1 (BioTraits),
Scenedesmus acutus,Scenedesmus,Scenedesmaceae,Sphaeropleales,Chlorophyceae,Chlorophyta,Phytoplankton,8.68E-06,s^-1,27.5,Celsius,1.72E-16,m^3,https://esajournals.onlinelibrary.wiley.com/doi/abs/10.1890/12-2060.1 (BioTraits),
Scenedesmus quadricauda,Scenedesmus,Scenedesmaceae,Sphaeropleales,Chlorophyceae,Chlorophyta,Phytoplankton,2.89E-06,s^-1,32,Celsius,2.76E-16,m^3,https://esajournals.onlinelibrary.wiley.com/doi/abs/10.1890/12-2060.1 (BioTraits),
Scrippsiella trochoidea,Scrippsiella,Peridiniaceae,Peridiniales,Dinophyceae,,Phytoplankton,5.44E-06,s^-1,16.5,Celsius,8.47E-15,m^3,https://esajournals.onlinelibrary.wiley.com/doi/abs/10.1890/12-2060.1 (BioTraits),
Shewanella gelidimarina,Shewanella,Shewanellaceae,Alteromonadales,Gammaproteobacteria,Proteobacteria,Bacteria,0.0001176,s^-1,15.9,Celsius,6.92E-19,m^3,http://www.microbiologyresearch.org/docserver/fulltext/ijsem/47/4/ijs-47-4-1040.pdf?expires=1526993475&id=id&accname=guest&checksum=C762647EEFD31431F488074CDAC07BB4,
Skeletonema costatum,Skeletonema,Skeletonemaceae,Thalassiosirales,Bacillariophyceae,Bacillariophyta,Phytoplankton,1.90E-05,s^-1,27.5,Celsius,3.17E-16,m^3,https://esajournals.onlinelibrary.wiley.com/doi/abs/10.1890/12-2060.1 (BioTraits),
Skeletonema japonicum,Skeletonema,Skeletonemataceae,Thalassiosirales,Coscinodiscophyceae,Bacillariophyta,Phytoplankton,1.89E-05,s^-1,25,Celsius,3.27E-16,m^3,https://esajournals.onlinelibrary.wiley.com/doi/abs/10.1890/12-2060.1 (BioTraits),
Skeletonema menzellii,Skeletonema,Skeletonemataceae,Thalassiosirales,Coscinodiscophyceae,Bacillariophyta,Phytoplankton,2.99E-05,s^-1,35,Celsius,5.65E-17,m^3,https://esajournals.onlinelibrary.wiley.com/doi/abs/10.1890/12-2060.1 (BioTraits),
Skeletonema tropicum,Skeletonema,Skeletonemaceae,Thalassiosirales,Bacillariophyceae,Bacillariophyta,Phytoplankton,2.41E-05,s^-1,25,Celsius,2.50E-15,m^3,https://esajournals.onlinelibrary.wiley.com/doi/abs/10.1890/12-2060.1 (BioTraits),
Sphaerospermopsis aphanizomenoides,Sphaerospermopsis,Nostocaceae,Nostocales,Cyanophyceae,Cyanobacteria,Bacteria,4.05E-06,s^-1,27,Celsius,5.48E-17,m^3,https://www.researchgate.net/publication/283282292_Morphological_and_ecological_characteristics_of_potentially_toxic_invasive_cyanobacterium_Sphaerospermopsis_aphanizomenoides_Forti_Zapomelova_Jezberova_Hrouzek_Hisem_Rehakova_Komarkova_Nostocales_Cyan,"Vegetative cell size; Aphanizomenon aphanizomenoides ‚Ä?Name in Consumer column, avergae length of vegetative cell size"
Spirulina platensis,Spirulina,Pseudoanabaenaceae,Oscillatoriales,Cyanophyceae,Cyanophyta,Bacteria,1.64E-06,s^-1,32,Celsius,4.06E-15,m^3,http://www.scielo.br/pdf/cta/v33s1/v33s1a26.pdf,"pg.180, or 5-6um as stated in https://www.researchgate.net/publication/259503619_SPIRULINA_PLATENSIS_-_FOOD_FOR_FUTURE_A_REVIEW"
Staphylococcus aureus,Staphylococcus,Staphylococcaceae,Bacillales,Bacilli,Firmicutes,Bacteria,0.00059571,s^-1,34.79719322,Celsius,9.16E-19,m^3,Size:https://www.ecmjournal.org/papers/vol004/pdf/v004a04.pdf; Mass:http://www.pnas.org/content/105/44/16994,
Staphylococcus xylosus,Staphylococcus,Staphylococcaceae,Bacillales,Bacilli,Firmicutes,Bacteria,0.00061077,s^-1,27.82093223,Celsius,5.86E-19,m^3,Bergey's Manual of Systematic Bacteriology: Volume 3: The Firmicutes,pg.420
Staurastrum anatinum,Staurastrum,Desmidiaceae,Zygnematales,Zygnematophyceae,Streptophyta,Phytoplankton,3.36E-06,s^-1,20,Celsius,1.13E-14,m^3,https://esajournals.onlinelibrary.wiley.com/doi/abs/10.1890/12-2060.1 (BioTraits),
Staurastrum avicula,Staurastrum,Desmidiaceae,Zygnematales,Zygnematophyceae,Streptophyta,Phytoplankton,5.21E-06,s^-1,28,Celsius,1.68E-14,m^3,https://esajournals.onlinelibrary.wiley.com/doi/abs/10.1890/12-2060.1 (BioTraits),
Staurastrum chaetoceras,Staurastrum,Desmidiaceae,Zygnematales,Zygnematophyceae,Streptophyta,Phytoplankton,9.95E-06,s^-1,28,Celsius,4.60E-15,m^3,https://esajournals.onlinelibrary.wiley.com/doi/abs/10.1890/12-2060.1 (BioTraits),
Staurastrum cingulum,Staurastrum,Desmidiaceae,Zygnematales,Zygnematophyceae,Streptophyta,Phytoplankton,7.64E-06,s^-1,30,Celsius,6.40E-15,m^3,https://esajournals.onlinelibrary.wiley.com/doi/abs/10.1890/12-2060.1 (BioTraits),
Staurastrum pingue,Staurastrum,Desmidiaceae,Desmidiales,Zygnemophyceae,Charophyta,Phytoplankton,8.70E-06,event / (individual * second),25,Celsius,5.10E-15,m^3,https://esajournals.onlinelibrary.wiley.com/doi/abs/10.1890/12-2060.1 (BioTraits),
Staurastrum planctonicum,Staurastrum,Desmidiaceae,Zygnematales,Zygnematophyceae,Streptophyta,Phytoplankton,9.84E-06,s^-1,30,Celsius,7.80E-15,m^3,https://esajournals.onlinelibrary.wiley.com/doi/abs/10.1890/12-2060.1 (BioTraits),
Staurodesmus cuspidatus,Staurodesmus,Desmidiaceae,Zygnematales,Zygnematophyceae,Streptophyta,Phytoplankton,4.63E-06,s^-1,25,Celsius,5.10E-15,m^3,https://esajournals.onlinelibrary.wiley.com/doi/abs/10.1890/12-2060.1 (BioTraits),
Stellarima microtrias,Stellarima,Coscinodiscaceae,Coscinodiscales,Bacillariophyceae,Bacillariophyta,Phytoplankton,6.83E-06,s^-1,4,Celsius,5.39E-14,m^3,https://esajournals.onlinelibrary.wiley.com/doi/abs/10.1890/12-2060.1 (BioTraits),
Streptococcus salivarius,Streptococcus,Streptococcaceae,Lactobacillales,Bacilli,Firmicutes,Bacteria,0.00059233,s^-1,45.0524,Celsius,3.52E-19,m^3,https://books.google.co.uk/books?id=hPjpBwAAQBAJ&pg=PA114&dq=S.+salivarius+cell+diameter&hl=en&sa=X&ved=0ahUKEwjC0pCfkYrbAhXqK8AKHcGIB38Q6AEILDAB#v=onepage&q=S.%20salivarius%20cell%20diameter&f=false,pg. 114 of reference
Streptococcus thermophilus,Streptococcus,Streptococcaceae,Lactobacillales,Bacilli,Firmicutes,Bacteria,0.00064914,s^-1,39.91,Celsius,2.81E-19,m^3,Size:https://www.sciencedirect.com/topics/immunology-and-microbiology/streptococcus-thermophilus; Mass:http://www.pnas.org/content/105/44/16994,
Stygiolobus azoricus,Stygiolobus,Sulfolobaceae,Sulfolobales,Thermoprotei,Crenarchaeota,Archaea,6.69E-05,s^-1,80.0214,Celsius,1.56E-18,m^3,http://www.microbiologyresearch.org/docserver/fulltext/ijsem/41/4/ijs-41-4-495.pdf?expires=1527182331&id=id&accname=guest&checksum=029551415D53238C48C8655C4B176E60,
Sulfobacillus thermotolerans,Sulfobacillus,Clostridiales Family XVII. Incertae Sedis,Clostridiales,Clostridia,Firmicutes,Bacteria,9.19E-05,s^-1,39.9662,Celsius,2.63E-18,m^3,"Bergey's Manual of Systematic Bacteriology: Volume 3: The Firmicutes, pg.1184",
Sulfurihydrogenibium kristjanssonii,Sulfurihydrogenibium,Hydrogenothermaceae,Aquificales,Aquificae,Aquificae,Bacteria,0.00012366,s^-1,68.0546,Celsius,3.60E-19,m^3,https://www.researchgate.net/publication/5401401_Sulfurihydrogenibium_kristjanssonii_sp_nov_a_hydrogen-_and_sulfur-oxidizing_thermophile_isolated_from_a_terrestrial_Icelandic_hot_spring,
Synechococcus elongatus,Synechococcus,Chroococcaceae,Chroococcales,Cyanophyceae,Cyanobacteria,Bacteria,1.05E-05,s^-1,35,Celsius,4.00E-18,m^3,,
Synechococcus lividus,Synechococcus,Synechococcaceae,Synechococcales,Cyanophyceae,Cyanophyta,Bacteria,4.19E-05,s^-1,55,Celsius,1.80E-18,m^3,"http://kirschner.med.harvard.edu/files/bionumbers/Nucleic%20acid%20contents,%20observed%20and%20predicted%20burst%20sizes%20for%20a%20range%20of%20algae%20and%20viruses.pdf",length info: https://www.researchgate.net/publication/230475979_The_effects_of_some_ecological_factors_on_cell_size_of_the_hot_spring_alga_Synechococcus_lividus_Cyanophyta
Thalassionema nitzschioides,Thalassionema,Thalassionemataceae,Thalassionematales,Bacillariophyceae,Bacillariophyta,Phytoplankton,2.05E-05,s^-1,24,Celsius,4.24E-16,m^3,https://esajournals.onlinelibrary.wiley.com/doi/abs/10.1890/12-2060.1 (BioTraits),
Thalassiosira eccentrica,Thalassiosira,Thalassiosiraceae,Thalassiosirales,Mediophyceae,Bacillariophyta,Phytoplankton,1.16E-05,s^-1,16,Celsius,2.98E-13,m^3,https://esajournals.onlinelibrary.wiley.com/doi/abs/10.1890/12-2060.1 (BioTraits),
Thalassiosira nordenskioeldii,Thalassiosira,Thalassiosiraceae,Thalassiosirales,Mediophyceae,Bacillariophyta,Phytoplankton,1.44E-05,s^-1,10,Celsius,6.95E-15,m^3,https://esajournals.onlinelibrary.wiley.com/doi/abs/10.1890/12-2060.1 (BioTraits),
Thalassiosira pseudonana,Thalassiosira,Thalassiosiraceae,Thalassiosirales,Mediophyceae,Bacillariophyta,Phytoplankton,3.73E-05,s^-1,24,Celsius,8.42E-17,m^3,https://esajournals.onlinelibrary.wiley.com/doi/abs/10.1890/12-2060.1 (BioTraits),
Thalassiosira rotula,Thalassiosira,Thalassiosiraceae,Thalassiosirales,Mediophyceae,Bacillariophyta,Phytoplankton,2.47E-05,s^-1,16,Celsius,3.78E-14,m^3,https://esajournals.onlinelibrary.wiley.com/doi/abs/10.1890/12-2060.1 (BioTraits),
Thalassiosira weissflogii,Thalassiosira,Thalassiosiraceae,Thalassiosirales,Mediophyceae,Bacillariophyta,Phytoplankton,2.74E-05,s^-1,29,Celsius,6.54E-16,m^3,https://esajournals.onlinelibrary.wiley.com/doi/abs/10.1890/12-2060.1 (BioTraits),
Thermacetogenium phaeum,Thermacetogenium,Thermoanaerobacteraceae,Thermoanaerobacterales,Clostridia,Firmicutes,Bacteria,8.40E-06,s^-1,57.9109,Celsius,2.50E-18,m^3,Bergey's Manual of Systematic Bacteriology: Volume 3: The Firmicutes,pg.1256
Thermoanaerobacter kivui,Thermoanaerobacter,Thermoanaerobacteraceae,Thermoanaerobacterales,Clostridia,Firmicutes,Bacteria,8.20E-05,s^-1,64.1144,Celsius,9.69E-19,m^3,Bergey's Manual of Systematic Bacteriology: Volume 3: The Firmicutes,"pg.1235, cell size during growth on H2 and CO2"
Thermoanaerobacter mathranii,Thermoanaerobacter,Thermoanaerobacteraceae,Thermoanaerobacterales,Clostridia,Firmicutes,Bacteria,0.00015517,s^-1,68.8218,Celsius,1.01E-18,m^3,Bergey's Manual of Systematic Bacteriology: Volume 3: The Firmicutes,pg.1235
Thermoanaerobacter siderophilus,Thermoanaerobacter,Thermoanaerobacteraceae,Thermoanaerobacterales,Clostridia,Firmicutes,Bacteria,6.70E-05,s^-1,71.0469,Celsius,1.46E-18,m^3,Bergey's Manual of Systematic Bacteriology: Volume 3: The Firmicutes,pg.1236
Thermoanaerobacterium thermosulfurigenes,Thermoanaerobacterium,Thermoanaerobacterales Family III. Incertae Sedis,Thermoanaerobacterales,Clostridia,Firmicutes,Bacteria,0.00010923,s^-1,59.8409,Celsius,3.05E-17,m^3,Bergey's Manual of Systematic Bacteriology: Volume 3: The Firmicutes,pg.1283
Thermococcus barophilus,Thermococcus,Thermococcaceae,Thermococcales,Thermococci,Euryarchaeota,Archaea,0.000434031,s^-1,84.9413,Celsius,2.23E-18,m^3,https://www.ncbi.nlm.nih.gov/pubmed/10319455,
Thermococcus fumicolans,Thermococcus,Thermococcaceae,Thermococcales,Thermococci,Euryarchaeota,Archaea,0.00020071,s^-1,84.0438,Celsius,2.23E-18,m^3,http://www.microbiologyresearch.org/docserver/fulltext/ijsem/46/4/ijs-46-4-1113.pdf?expires=1527182709&id=id&accname=guest&checksum=C5389BAF1004A329EAF0BD65CDB650F3,
Thermococcus hydrothermalis,Thermococcus,Thermococcaceae,Thermococcales,Thermococci,Euryarchaeota,Archaea,0.00011648,s^-1,79.8486,Celsius,2.23E-18,m^3,https://www.researchgate.net/publication/13992510_Thermococcus_hydrothermalis_sp_nov_a_New_Hyperthermophilic_Archaeon_Isolated_from_a_Deep-Sea_Hydrothermal_Vent,
Thermococcus siculi,Thermococcus,Thermococcaceae,Thermococcales,Thermococci,Euryarchaeota,Archaea,8.83E-05,s^-1,84.9802,Celsius,2.23E-18,m^3,https://link.springer.com/content/pdf/10.1007%2Fs007920050099.pdf,
Thermosipho japonicus,Thermosipho,Fervidobacteriaceae,Thermotogales,Thermotogae,Thermotogae,Bacteria,0.00024286,s^-1,71.8804,Celsius,2.47E-16,m^3,http://www.microbiologyresearch.org/docserver/fulltext/ijsem/24/1/ijs-24-1-102.pdf?expires=1528305850&id=id&accname=guest&checksum=8DC77D535F45C14893CBC3DA8FF46484,
Thermus thermophilus,Thermus,Thermaceae,Thermales,Deinococci,Deinococcus-Thermus,Bacteria,0.00027108,s^-1,70.4486,Celsius,5.56E-19,m^3,https://onlinelibrary.wiley.com/doi/pdf/10.1002/9781118960608.gbm00477.pub2,Genus: Thermus size info
Trichodesmium erythraeum,Trichodesmium,Phormidiaceae,Oscillatoriales,Cyanophyceae,Cyanophyta,Bacteria,3.55E-06,s^-1,28,Celsius,9.50E-16,m^3,"Edwards, K. F., Klausmeier, C. A. and Litchman, E. (2015), Nutrient utilization traits of phytoplankton. Ecology, 96: 2311. doi:10.1890/14-2252.4",Saujanya‚Äôs phytoplankton data
Trichormus variabilis,Trichormus,Nostocaceae,Nostocales,Cyanophyceae,Cyanophyta,Bacteria,1.29E-05,s^-1,35,Celsius,3.89E-16,m^3,http://www.microbiologyresearch.org/docserver/fulltext/ijsem/55/1/11.pdf?expires=1528306749&id=id&accname=guest&checksum=39CA557801A7F9B24A649DBDEEE3E978,https://books.google.co.uk/books?id=yjnLAwAAQBAJ&pg=PA224&lpg=PA224&dq=Trichormus+variabilis+cell+diameter&source=bl&ots=FtYPtDMsnF&sig=BSuUkqm7CJej0h9l2vBuwLrHkJ4&hl=en&sa=X&ved=0ahUKEwjVwteVv4fbAhWJA8AKHeK2CSwQ6AEIXTAM#v=onepage&q=Trichormus%20variabilis%20cell%20diameter&f=false  Anabaena = Trichormus variabilis
Tychonema bourrellyi,Tychonema,Phormidiaceae,Oscillatoriales,Cyanophyceae,Cyanobacteria,Bacteria,8.56E-06,s^-1,17,Celsius,3.81E-16,m^3,,
Xanthomonas campestris,Xanthomonas,Xanothomonadaceae,Xanthomonadales,Gammaproteobacteria,Proteobacteria,Bacteria,7.91E-05,s^-1,30.03373237,Celsius,5.63E-19,m^3,https://books.google.co.uk/books?id=8A_yBwAAQBAJ&pg=PA191&lpg=PA191&dq=Xanthomonas+campestris+cell+width&source=bl&ots=LCjaeonYF-&sig=cHYPUCF7EAQ6Dq8eV8xlGskcvMA&hl=en&sa=X&ved=0ahUKEwiO6IXQs5nbAhUMthQKHckwA9o4ChDoAQhDMAc#v=onepage&q=Xanthomonas%20campestris%20cell%20width&f=false,pg.191
Xylella fastidiosa,Xylella,Xanthomonadaceae,Xanthomonadales,Gammaproteobacteria,Proteobacteria,Bacteria,3.84E-05,s^-1,28.00402221,Celsius,1.83E-19,m^3,http://aem.asm.org/content/73/8/2690.full?view=long&pmid=17293518,
Yersinia enterocolitica,Yersinia,Enterobacteriaceae,Enterobacteriales,Gammaproteobacteria,Proteobacteria,Bacteria,2.14E-05,s^-1,23.15,Celsius,7.69E-19,m^3,http://www.elsevier.es/es-revista-enfermedades-infecciosas-microbiologia-clinica-28-articulo-yersinia-enterocolitica-pathogenesis-virulence-antimicrobial-S0213005X11002655?referer=buscador,
